record_id,platform,author,rating,title,text,word_count,date,year_month,country,subreddit,app_version,thumbs_up,reply_text,url
IM-000001,play_store,Nand Kishore,5,,good,1,2026-08-03,2026-08,in,,4.113.1,0,"Hey there, nothing delights us more than hearing this. We are happy that you had a great experience. Keep Swiggying. 🙂",
IM-000002,play_store,Dheena yogesh Dheena yogesh,5,,nice,1,2026-08-03,2026-08,in,,4.113.1,0,"Hi there, thank you for your patronage and the perfect rating. We will strive to provide consistent seamless ordering experiences. Keep Swiggying!",
IM-000003,play_store,Akshay Kumar Bindhani,5,,ok,1,2026-08-03,2026-08,in,,4.113.1,0,"Hey there, thank you for the valuable feedback. We request you to let us know more about your experience by writing an email to swiggysocial@swiggy.in so we can make our services better.",
IM-000004,play_store,Sipun Sahu,5,,nice,1,2026-08-03,2026-08,in,,4.113.1,0,"Hi there, thank you for your patronage and the perfect rating. We will strive to provide consistent seamless ordering experiences. Keep Swiggying!",
IM-000005,play_store,Omkar,5,,good,1,2026-08-03,2026-08,in,,4.113.1,0,Hey there! It's a bliss to see that our service brought a smile to your face. We'll endeavor to keep it up. Keep Swiggying. 🙂,
IM-000006,play_store,Shyamala Bharathi,5,,they give the delivery in time without delay,8,2026-08-03,2026-08,in,,4.113.1,0,Hey there! Such positive reviews motivate us to strive hard to provide you a much better experience. Happy ordering. 🙂,
IM-000007,play_store,Radhay Varun,5,,good app best from all and sell high quality products at cheapest price,13,2026-08-03,2026-08,in,,4.113.1,0,"Hey, thanks for the rating! This motivates us to keep serving you better with every order.",
IM-000008,play_store,gaurav thapar,1,,very bad experience app Ne claim kiya tha ki aapka order 22 minut mein pahunch jaega per 25 minut Tak to rider nahin uthai nahin order hi nahin uthaya very a bad experience,33,2026-08-03,2026-08,in,,4.113.1,0,"Hey there, we are sorry to have put you through such a situation. We would like to make amends and request you to kindly share the order ID along with the details of your concern at swiggysocial@swiggy.in and we will do what it takes to turn this around!",
IM-000009,play_store,Kashish Chetwani,1,,when I select my order and add to Cart after they were not show the screen for payment and all,20,2026-08-03,2026-08,in,,4.113.1,0,"Hi, we are sorry about the below-par experience with your order. Please write to us at swiggysocial@swiggy.in along with the order ID, so we can assist you better.",
IM-000010,play_store,Vishal Sah,5,,best,1,2026-08-03,2026-08,in,,4.113.1,0,Hey there! It's a bliss to see that our service brought a smile to your face. We'll endeavor to keep it up. Keep Swiggying. 🙂,
IM-000011,play_store,ANSIYA JABIREHAN,5,,good,1,2026-08-03,2026-08,in,,4.113.1,0,"Hey, thanks for the rating! This motivates us to keep serving you better with every order.",
IM-000012,play_store,Jasmin Gill,3,,this is not fare yr app logo ko chote chote shehro me bhi smaan diliver Krna chahiye pls I heartily request you mra pind kotla bamma aliwal road hai batala shehro hi lgta hai so pls mujhe apne baby k liye smaan mgvna pdta hai,45,2026-08-03,2026-08,in,,,0,"Hello, we are sorry for the trouble you have been through. Please drop an email at swiggysocial@swiggy.in along with order ID and we will help you sort this out.",
IM-000013,play_store,Rakesh Kumar,5,,very good,2,2026-08-03,2026-08,in,,4.113.1,0,"Hey there, nothing delights us more than hearing this. We are happy that you had a great experience. Keep Swiggying. 🙂",
IM-000014,play_store,ThangKhanKim David. Kimsan,5,,very good,2,2026-08-03,2026-08,in,,,0,We are happy to hear such positive feedback. 🙂,
IM-000015,play_store,rakhee mehta,5,,fresh vegetable always,3,2026-08-03,2026-08,in,,4.113.1,0,"Hey, thank you for your feedback. We request you to let us know more about your experience by writing an email to swiggysocial@swiggy.in so we can make our services better.",
IM-000016,play_store,TUHIN BAIRAGI,5,,good,1,2026-08-03,2026-08,in,,4.113.1,0,Hey there! Such positive reviews motivate us to strive hard to provide you a much better experience. Happy ordering. 🙂,
IM-000017,play_store,vaditya sivanaik,5,,good,1,2026-08-03,2026-08,in,,4.113.1,0,"Hey, we are glad to have patrons like you and will strive towards providing better services to keep such reviews coming our way. Keep ordering.",
IM-000018,play_store,Dheeraj Ghalot,5,,nice work,2,2026-08-03,2026-08,in,,4.113.1,0,"Hey, thank you for the ratings. We request you to let us know more about your experience by writing an email to swiggysocial@swiggy.in so we can make our services better.",
IM-000019,play_store,Jed Mitter,5,,"Great quality, speedy delivery. However, I would like the delivery persons to be careful when riding their bikes. My delivery not more important than their safety.",26,2026-08-03,2026-08,in,,4.113.1,0,"Hey, thank you for your feedback. We request you to let us know more about your experience by writing an email to swiggysocial@swiggy.in so we can make our services better.",
IM-000020,play_store,Dhiman Mondal,5,,Nice 👍,2,2026-08-03,2026-08,in,,4.112.0,0,"Hey there, nothing delights us more than hearing this. We are happy that you had a great experience. Keep Swiggying. 🙂",
IM-000021,play_store,Siju K k,5,,👍👍,1,2026-08-03,2026-08,in,,4.113.1,0,"Hey there, nothing delights us more than hearing this. We are happy that you had a great experience. Keep Swiggying. 🙂",
IM-000022,play_store,Ranjit Jehanabad,5,,good 👍👍👍👍👍👍👍,2,2026-08-03,2026-08,in,,4.113.1,0,Hey there! It's a bliss to see that our service brought a smile to your face. We'll endeavor to keep it up. Keep Swiggying. 🙂,
IM-000023,play_store,Sn Global Services,1,,"Please guys check all products what you have ordered then pay them. worst experience ever. 1st - they said 10-15 minutes but took 40 minutes. 2nd: they delivered wrong order. 3rd: order returned and they said refund done back to source by upi. but i paid by cash so when i asked for details they don't have it. now they are giving me no option to get my money back but only refund in coupon. and again wait for 48hr. they scammed me basically. problem happened again, missing item 3 august",91,2026-08-03,2026-08,in,,,0,"Hey, we request you to let us know more about your experience by writing us an email at swiggysocial@swiggy.in from your registered email ID so that we can have your concern addressed.",
IM-000024,play_store,Subhendu Panda,5,,excellent,1,2026-08-03,2026-08,in,,4.113.1,0,Hey there! It's a bliss to see that our service brought a smile to your face. We'll endeavor to keep it up. Keep Swiggying. 🙂,
IM-000025,play_store,BAPUJI SAHOO,5,,fast service,2,2026-08-03,2026-08,in,,4.113.1,0,"Hey there, we're pleased that you enjoyed your experience with Swiggy. We'll endeavor to keep it up. Keep ordering. 🙂",
IM-000026,play_store,Anshuman Bhardwaj,1,,"My experience was extremely disappointing. My first order turned out to be my last order on Instamart. I ordered milk, but the milk packet they delivered did not have an expiry date mentioned. I contacted customer support through the Help section, but they closed the conversation without even listening to my concern. No resolution was provided. Very poor customer service.",60,2026-08-03,2026-08,in,,4.113.1,0,"Hey there, we are sorry for the unpleasant experience you had. Please share more details about the incident by writing an email at swiggysocial@swiggy.in from your registered email ID. we'll take it up.",
IM-000027,play_store,Vasanti Soman,4,,you should add an option to give Tip to the delivery person after delivery has happened. currently I can add tips only when placing an order. At the time of placing the order I am not sure if the delivery service by the delivery boy is good or not,49,2026-08-03,2026-08,in,,,0,"Hey there, we are thankful for your reviews & would love to get your feedback on taking it to the next level. We request you to share your feedback by writing to us at swiggysocial@swiggy.in from your registered email address.",
IM-000028,play_store,lian goukhaam,5,,Good and reasonable priced products and fast delivery.,8,2026-08-03,2026-08,in,,4.111.2,0,"Hey there, we are thankful to you for your review! We request you to let us know more about your experience by writing an email to swiggysocial@swiggy.in so we can make our services better.",
IM-000029,play_store,Gopal Kedia,5,,👍,1,2026-08-03,2026-08,in,,4.113.1,0,"Hey, we are glad to have patrons like you and will strive towards providing better services to keep such reviews coming our way. Keep ordering.",
IM-000030,play_store,NAMATHOTI SIVANAGARAJU,1,,Instamart always sending unriped fruits.. and low quality products,9,2026-08-03,2026-08,in,,4.112.0,0,"Hi, we are sorry about the below-par experience with your order. Please write to us at swiggysocial@swiggy.in along with the order ID, so we can assist you better.",
IM-000031,play_store,Shah Sonu,5,,good partner for grocery,4,2026-08-03,2026-08,in,,4.113.1,0,Hey there! It's a bliss to see that our service brought a smile to your face. We'll endeavor to keep it up. Keep Swiggying. 🙂,
IM-000032,play_store,Bindu Bujji,5,,good service 👍,3,2026-08-03,2026-08,in,,4.113.1,0,"Hey there, thank you for the perfect ratings. We appreciate your efforts in contributing to our improvements.",
IM-000033,play_store,Nitin Agrawal,4,,nice,1,2026-08-03,2026-08,in,,4.113.1,0,"Hi, thank you for delighting us with the positive review. We request you to let us know more about your experience by writing an email to swiggysocial@swiggy.in so we can make our service worth 5 stars.",
IM-000034,play_store,Chetan Bhaskeray Bhatt,5,,really excellent,2,2026-08-03,2026-08,in,,,0,"Hey there, thank you for the perfect ratings. We appreciate your efforts in contributing to our improvements.",
IM-000035,play_store,Yash Raj,2,,very nice only 5 min but pagal app hai,9,2026-08-03,2026-08,in,,4.113.1,0,"Hi, please write to us about your experience at swiggysocial@swiggy.in from your registered email address, so we can better our services.",
IM-000036,play_store,Mary Gamage,5,,"quality products, fresh portion, reasonably priced, good deals, speedy delivery, friendly app & great customer support",16,2026-08-03,2026-08,in,,4.113.1,0,"Hey there, thank you for the valuable feedback. We request you to let us know more about your experience by writing an email to swiggysocial@swiggy.in so we can make our services better.",
IM-000037,play_store,Vonimi Sai,5,,super 👍,2,2026-08-03,2026-08,in,,4.113.1,0,"Hey there, nothing delights us more than hearing this. We are happy that you had a great experience. Keep Swiggying. 🙂",
IM-000038,play_store,Vipin Singh,5,,very good. variety of products available.,6,2026-08-03,2026-08,in,,4.113.1,0,"Hello, nothing delights us more than hearing this. We are happy that you had a great experience. Keep Swiggying. 😊",
IM-000039,play_store,Niveathitha alagar,5,,Nice,1,2026-08-03,2026-08,in,,4.113.1,0,"Hey, we are glad to have patrons like you and will strive towards providing better services to keep such reviews coming our way. Keep ordering.",
IM-000040,play_store,MohdArif Khan,1,,very bad in night order 😪,6,2026-08-03,2026-08,in,,4.112.0,0,"Hey, we request you to let us know more about your experience by writing us an email at swiggysocial@swiggy.in from your registered email ID so that we can have your concern addressed.",
IM-000041,play_store,Aniket Gaikwad,4,,can improve on payment offers and discounts,7,2026-08-03,2026-08,in,,4.113.1,0,"Hey, thanks for the rating! This motivates us to keep serving you better with every order. We would love to hear from you about how we could hit the 5-star rating. Please do share your thoughts by dropping an email at swiggysocial@swiggy.in.",
IM-000042,play_store,JAI_ AKASH_,1,,not optimistic interface,3,2026-08-03,2026-08,in,,,0,"Hi, we are sorry about this. Please help us with the order id over an email at swiggysocial@swiggy.in, so we can help resolve the issue.",
IM-000043,play_store,FARHAN SHAIKH,5,,nice,1,2026-08-02,2026-08,in,,4.113.1,0,"Hey, we are glad to have patrons like you and will strive towards providing better services to keep such reviews coming our way. Keep ordering.",
IM-000044,play_store,Rider Arman,5,,im ordering regular right time delivery thanks to Instamart,9,2026-08-02,2026-08,in,,4.113.1,0,"Hey there, we're pleased that you enjoyed your experience with Swiggy. We'll endeavor to keep it up. Keep ordering. 🙂",
IM-000045,play_store,Mritunjay Singh,2,,price rate and delivery rate different,6,2026-08-02,2026-08,in,,4.113.1,0,"Hey, we request you to let us know more about your experience by writing us an email at swiggysocial@swiggy.in from your registered email ID so that we can have your concern addressed.",
IM-000046,play_store,Agbin singh,1,,not good,2,2026-08-02,2026-08,in,,4.113.1,0,"We're apologetic about this experience you've faced while ordering with us. Please write to us at swiggysocial@swiggy.in from your registered email address detailing your experience, so we can look into the issue and resolve it for you.",
IM-000047,play_store,Charu Sharma,3,,good,1,2026-08-02,2026-08,in,,4.112.0,0,"Hey, thank you for the ratings. Please let us know how we can make our service worth 5 stars by writing to us at swiggysocial@swiggy.in from your registered email address.",
IM-000048,play_store,Pranali Nimbre,5,,good,1,2026-08-02,2026-08,in,,4.113.1,0,Hey there! Such positive reviews motivate us to strive hard to provide you a much better experience. Happy ordering. 🙂,
IM-000049,play_store,AFIF MALLIK,5,,nice,1,2026-08-02,2026-08,in,,4.112.0,0,Hey there! Such positive reviews motivate us to strive hard to provide you a much better experience. Happy ordering. 🙂,
IM-000050,play_store,jamir pathan,5,,really good service best quality .,6,2026-08-02,2026-08,in,,4.113.1,0,Hey there! It's a bliss to see that our service brought a smile to your face. We'll endeavor to keep it up. Keep Swiggying. 🙂,
IM-000051,play_store,Sohail Zain,3,,nice good p,3,2026-08-02,2026-08,in,,4.112.0,0,"We appreciate your review. However, we would like to hear about how we can improve ourselves to get a 5-star rating. Please do write to us swiggysocial@swiggy.in from your registered email address with your valuable insights on improvement.",
IM-000052,play_store,Dhanasekar Ramasamy,1,,"Worst !!! Usually I am using another app. But first time I am using the Instamart app, and facing issue. and worst customer care, they not providing solution instead they are trying to convince me. One of the worst experience I faced at my first order. I will not use this further and wont suggest to my family and friends. other many instant delivery apps are there with quick solution. I would not suggest. Finally no use in customer care support also. They not refunded my money also,Uninstalled",88,2026-08-02,2026-08,in,,4.113.1,0,"Hey there, we would like to get this checked to see what went wrong. Kindly help us with your registered details at swiggysocial@swiggy.in and we will do what it takes to turn this around!",
IM-000053,play_store,Anusha,5,,quick and satisfied,3,2026-08-02,2026-08,in,,4.112.0,0,"Hey there, nothing delights us more than hearing this. We are happy that you had a great experience. Keep Swiggying. 🙂",
IM-000054,play_store,Prince yadav,5,,instamart is very good and fast,6,2026-08-02,2026-08,in,,4.113.1,0,"Hey there, nothing delights us more than hearing this. We are happy that you had a great experience. Keep Swiggying. 🙂",
IM-000055,play_store,Akshay Prajapat,5,,good service,2,2026-08-02,2026-08,in,,4.113.1,0,We are happy to hear such positive feedback. 🙂,
IM-000056,play_store,Mugala Aruna02,5,,Nice 🙂🙂,2,2026-08-02,2026-08,in,,4.113.1,0,"Hey there, thank you for the perfect ratings. We appreciate your efforts in contributing to our improvements.",
IM-000057,play_store,Sheeba Naqvi,5,,mei insta mart last year se use kr rha hu par yeh app mei ajj tk mera experience bura nhi rha,21,2026-08-02,2026-08,in,,4.113.1,0,"Hey there, thank you for rating us 5-Star. Please let us know how we can further improve our services by dropping an email at swiggysocial@swiggy.in from your registered email address.",
IM-000058,play_store,mohamed Asif,5,,gud,1,2026-08-02,2026-08,in,,4.113.1,0,"Hi there, thank you for your patronage and the perfect rating. We will strive to provide consistent seamless ordering experiences. Keep Swiggying!",
IM-000059,play_store,Karthikc,4,,this is very nice and help for in night 🌉,10,2026-08-02,2026-08,in,,4.113.1,0,"Hi, thank you for delighting us with the positive review. We request you to let us know more about your experience by writing an email to swiggysocial@swiggy.in so we can make our service worth 5 stars.",
IM-000060,play_store,Y Shiva,5,,very good service,3,2026-08-02,2026-08,in,,4.113.1,0,"Hey, we are glad to have patrons like you and will strive towards providing better services to keep such reviews coming our way. Keep ordering.",
IM-000061,play_store,Mohd Ikramudeen,5,,Nice,1,2026-08-02,2026-08,in,,4.113.1,0,Hey there! Such positive reviews motivate us to strive hard to provide you a much better experience. Happy ordering. 🙂,
IM-000062,play_store,Mohammed Ismail,1,,"Cheating app!! Ordered items were not delivered, but the amount was still deducted. Feels like cheating customers.",17,2026-08-02,2026-08,in,,4.92.0,0,"Hi, please write to us about your experience at swiggysocial@swiggy.in from your registered email address, so we can better our services.",
IM-000063,play_store,ghomsi guiffo,5,,fast delivery but you're expensive,5,2026-08-02,2026-08,in,,4.113.1,0,"Hey there, thank you for the perfect ratings. We appreciate your efforts in contributing to our improvements.",
IM-000064,play_store,Nuzaif Shamsi,5,,very Good,2,2026-08-02,2026-08,in,,4.113.1,0,"Hello, nothing delights us more than hearing this. We are happy that you had a great experience. Keep Swiggying. 😊",
IM-000065,play_store,Omprakash Dubey,5,,Good,1,2026-08-02,2026-08,in,,4.113.1,0,"Hey there, nothing delights us more than hearing this. We are happy that you had a great experience. Keep Swiggying. 🙂",
IM-000066,play_store,Namra Siddiqui,5,,good,1,2026-08-02,2026-08,in,,4.113.1,0,"Hey there, thank you for the perfect ratings. We appreciate your efforts in contributing to our improvements.",
IM-000067,play_store,Laxman Dolly,3,,😞,1,2026-08-02,2026-08,in,,4.113.1,0,"Hey there, we are disappointed to know you feel this way about us. We request you to kindly let us know more about the issue by writing to us at swiggysocial@swiggy.in from your registered email address, so we can look into it and have it fixed at the earliest.",
IM-000068,play_store,Parag Bajaj,5,,it is very good app you get order within 15 minutes good quality,13,2026-08-02,2026-08,in,,4.113.1,0,"Hey there, thank you for the perfect ratings. We appreciate your efforts in contributing to our improvements.",
IM-000069,play_store,Mueen Khan,5,,excellence app,2,2026-08-02,2026-08,in,,4.112.0,0,Hey there! It's a bliss to see that our service brought a smile to your face. We'll endeavor to keep it up. Keep Swiggying. 🙂,
IM-000070,play_store,Sajjad Basheer,5,,Simply the best hyperlocal grocer app,6,2026-08-02,2026-08,in,,,0,"Hey there, nothing delights us more than hearing this. We are happy that you had a great experience. Keep Swiggying. 🙂",
IM-000071,play_store,Asif Iqbal,4,,outstanding,1,2026-08-02,2026-08,in,,4.113.1,0,Hey there! Such a bliss! We request you to let us know more about your experience by writing an email to swiggysocial@swiggy.in so we can make our services better.,
IM-000072,play_store,Saravanan P,5,,thankyou,1,2026-08-02,2026-08,in,,4.113.1,0,"Hey there, nothing delights us more than hearing this. We are happy that you had a great experience. Keep Swiggying. 🙂",
IM-000073,play_store,Beno Fdozjillu,3,,good service,2,2026-08-02,2026-08,in,,4.113.1,0,"Hey there, we are thankful to you for your review! We request you to let us know more about your experience by writing an email to swiggysocial@swiggy.in so we can make our services better.",
IM-000074,play_store,raju patel,5,,good,1,2026-08-02,2026-08,in,,4.113.1,0,Hey there! It's a bliss to see that our service brought a smile to your face. We'll endeavor to keep it up. Keep Swiggying. 🙂,
IM-000075,play_store,dinesh bareth,1,,free delivery at 99rs I add 100+ than extended free delivery to 149 than 199 why?,16,2026-08-02,2026-08,in,,4.113.1,0,"Hey there, we are sorry to have put you through such a situation. We would like to make amends and request you to kindly share the order ID along with the details of your concern at swiggysocial@swiggy.in and we will do what it takes to turn this around!",
IM-000076,play_store,sathya narayana,5,,good,1,2026-08-02,2026-08,in,,4.112.0,0,"Hey, we are glad to have patrons like you and will strive towards providing better services to keep such reviews coming our way. Keep ordering.",
IM-000077,play_store,Adriel George,5,,what else to say other than Thank you for making our daily errands easier .,15,2026-08-02,2026-08,in,,4.113.1,0,"Hey there, thank you for the perfect ratings. We appreciate your efforts in contributing to our improvements.",
IM-000078,play_store,TASLEEM AHMED,5,,good,1,2026-08-02,2026-08,in,,4.113.1,0,"Hey, thanks for the rating! This motivates us to keep serving you better with every order.",
IM-000079,play_store,JZ Q,5,,"Very Easy to use, great discounts, product availability, quick delivery.",10,2026-08-02,2026-08,in,,4.113.1,0,Yay! We are super happy to know that you are enjoying our services. Thanks for taking the time out and sharing the review with a perfect star rating. Keep Ordering. 🙂,
IM-000080,play_store,Ayan Mirza,5,,"Instamart Is Very good App Before This Service, all online shopping apps take 3 4 days for groceries etc. but instamart take 15 min only. Instamart Also Give coupons and Offers",31,2026-08-02,2026-08,in,,,0,"Hey there, thank you for the valuable feedback. We request you to let us know more about your experience by writing an email to swiggysocial@swiggy.in so we can make our services better.",
IM-000081,play_store,Jerin George,5,,good handling,2,2026-08-02,2026-08,in,,4.113.1,0,Hey there! It's a bliss to see that our service brought a smile to your face. We'll endeavor to keep it up. Keep Swiggying. 🙂,
IM-000082,play_store,Sanjay Pandey,4,,goog hai,2,2026-08-02,2026-08,in,,4.112.0,0,"Hey, thank you for the ratings. We request you to let us know more about your experience by writing an email to swiggysocial@swiggy.in so we can make our services better.",
IM-000083,play_store,Sindhupriya M,4,,Instamart buying experience is good but at times product once bought is not shown again consistent availability is not maintained,20,2026-08-02,2026-08,in,,4.113.1,0,"Hey there, appreciate your feedback, we give utmost priority to our user's feedback and would request you to share yours on swiggysocial@swiggy.in and we can work towards implementing them to provide better services.",
IM-000084,play_store,sheetal saxena,1,,"these are a bunch of scammers, they delivered less items and when I asked for help within a few seconds they denied refund or replacement",25,2026-08-02,2026-08,in,,4.113.1,0,"Hi, we are sorry about this. Please help us with the order id over an email at swiggysocial@swiggy.in, so we can help resolve the issue.",
IM-000085,play_store,shradha kale,5,,nice,1,2026-08-02,2026-08,in,,4.113.1,0,Hey there! It's a bliss to see that our service brought a smile to your face. We'll endeavor to keep it up. Keep Swiggying. 🙂,
IM-000086,play_store,Divyanshu Mishra,1,,bad app slow response,4,2026-08-02,2026-08,in,,4.113.1,0,"Hi there, that doesn't seem right. Please mail us the details of the issue at swiggysocial@swiggy.in from your registered email ID so that we can look into it and get back to you at the earliest.",
IM-000087,play_store,i sanku.nandhi,1,,prices too high,3,2026-08-02,2026-08,in,,4.113.1,0,"Hi there, we are sorry for any hassle you have faced while ordering with us. Please share the order ID along with the details of the issue by writing to us at swiggysocial@swiggy.in from your registered email address and we would be happy to connect with you and resolve the matter.",
IM-000088,play_store,Mohammed Nayaz,5,,good,1,2026-08-02,2026-08,in,,4.113.1,0,Hey there! Such positive reviews motivate us to strive hard to provide you a much better experience. Happy ordering. 🙂,
IM-000089,play_store,Yash Ranka,5,,Adding money to get free delivery is an amazing feature. Added money can be used on the next orders.,19,2026-08-02,2026-08,in,,4.113.1,0,"Hey, thank you for your kind review. We hope to keep on giving you a consistent service every time. We request you to let us know more about your experience by writing an email to swiggysocial@swiggy.in so we can make our services better.",
IM-000090,play_store,Mohammedali Khan,5,,Excellent,1,2026-08-02,2026-08,in,,4.113.1,0,"Hey there, nothing delights us more than hearing this. We are happy that you had a great experience. Keep Swiggying. 🙂",
IM-000091,play_store,Siddhi shishupal,5,,very good app,3,2026-08-02,2026-08,in,,4.113.1,0,"Hey there, nothing delights us more than hearing this. We are happy that you had a great experience. Keep Swiggying. 🙂",
IM-000092,play_store,Poonam G,5,,nice,1,2026-08-02,2026-08,in,,4.113.1,0,"Hey, we are glad to have patrons like you and will strive towards providing better services to keep such reviews coming our way. Keep ordering.",
IM-000093,play_store,Govindi Mehra,5,,nice,1,2026-08-02,2026-08,in,,4.113.1,0,"Hey there, nothing delights us more than hearing this. We are happy that you had a great experience. Keep Swiggying. 🙂",
IM-000094,play_store,ANWAR ANSARI,4,,acha hai,2,2026-08-02,2026-08,in,,4.112.0,0,"Hey there, we are thankful to you for your review! We request you to let us know more about your experience by writing an email to swiggysocial@swiggy.in so we can make our services better.",
IM-000095,play_store,Selva,5,,good,1,2026-08-02,2026-08,in,,4.113.1,0,"Hey, we are glad to have patrons like you and will strive towards providing better services to keep such reviews coming our way. Keep ordering.",
IM-000096,play_store,Omkar patade,5,,"help full application for housewife, senior citizens. now rainy season too helpful",12,2026-08-02,2026-08,in,,4.113.1,0,"Hey there, thank you for the perfect ratings. We appreciate your efforts in contributing to our improvements.",
IM-000097,play_store,Rajni Soni,1,,bakwas and ghatiya app,4,2026-08-02,2026-08,in,,,0,"Hello, we would like to know more about it. Please write to us at swiggysocial@swiggy.in with relevant details elaborating further on your ordering experience with us, so we can set this right for you.",
IM-000098,play_store,Vignesh Yogi,1,,don't waste time. Lot of genuine platforms and shops there.,10,2026-08-02,2026-08,in,,4.113.1,0,"Hi, please write to us about your experience at swiggysocial@swiggy.in from your registered email address, so we can better our services.",
IM-000099,play_store,anwar sadique,5,,Good app,2,2026-08-02,2026-08,in,,4.113.1,0,"Hey there, we're pleased that you enjoyed your experience with Swiggy. We'll endeavor to keep it up. Keep ordering. 🙂",
IM-000100,play_store,manohar sangamalla,5,,Good,1,2026-08-02,2026-08,in,,4.113.1,0,Hey there! It's a bliss to see that our service brought a smile to your face. We'll endeavor to keep it up. Keep Swiggying. 🙂,
IM-000101,reddit,YesterdayOk7452,,Swiggy Instamart delivery guy walked into my house… and stole something on camera. No action still,"This is honestly insane. Ordered from Swiggy Instamart. Delivery guy (name in app: S... K...) comes to my place (Delhi). Normal delivery. Leaves. A while later I realize my TP-Link Wi-Fi extender (~₹2000) is missing. Check CCTV… and it literally shows him picking it up and walking out with it. Called him and asked him to give it back - he had the audacity to say I don&#39;t work for Swiggy despite the call was being made from within Swiggy App. Clear as day. I report it immediately to Swiggy. Shared everything including full video footage. Raised a complaint. Swiggy: Apologizes Says they’re “looking into it” Assures me the item will be returned …and then? Nothing. No item. No refund. No real action. Just templated replies about “internal action”. So basically: Even with video proof of theft inside a customer’s home, there’s no accountability? That’s the scary part. This isn’t about ₹2000 anymore. It’s about letting a stranger into your house and then being told “we’ll look into it.” I’m filing a police complaint next. Posting this so people are aware - maybe don’t let delivery guys step inside your home unless absolutely necessary. If anyone has dealt with something similar or knows how to escalate this properly, please help. &#32; submitted by &#32; /u/YesterdayOk7452 [link] &#32; [comments]",218,,,,r/swiggy,,,,https://www.reddit.com/r/swiggy/comments/1t9ytcx/swiggy_instamart_delivery_guy_walked_into_my/
IM-000102,reddit,AutoModerator,,/u/AutoModerator on Swiggy Instamart delivery guy walked into my house… and stole something on camera. No action still,"Thank you for your post, u/YesterdayOk7452! It is currently under review and will be public after quality check. You can help in the process. We are looking for moderators. If you hang in this sub a lot and feel a sense of community here; maybe you would like to be a mod? If your account is more than 6 months old, please fill this form. Swiggy employees and associates are not eligible to apply. I am a bot, and this action was performed automatically. Please contact the moderators of this subreddit if you have any questions or concerns.",98,,,,r/swiggy,,,,https://www.reddit.com/r/swiggy/comments/1t9ytcx/swiggy_instamart_delivery_guy_walked_into_my/ol5gdh0/
IM-000103,reddit,OkPear8053,,/u/OkPear8053 on Swiggy Instamart delivery guy walked into my house… and stole something on camera. No action still,"File a police complaint with his full details and follow up with police to get his address, phone number, etc. from swiggy.",22,,,,r/swiggy,,,,https://www.reddit.com/r/swiggy/comments/1t9ytcx/swiggy_instamart_delivery_guy_walked_into_my/ol7504p/
IM-000104,reddit,SuperViolinist9286,,/u/SuperViolinist9286 on Swiggy Instamart delivery guy walked into my house… and stole something on camera. No action still,"This raise a police complaint attach video then attach swiggy in the case and send case details to swiggy , then they will take you seriously .",27,,,,r/swiggy,,,,https://www.reddit.com/r/swiggy/comments/1t9ytcx/swiggy_instamart_delivery_guy_walked_into_my/olb3k19/
IM-000105,reddit,dparag14,,/u/dparag14 on Swiggy Instamart delivery guy walked into my house… and stole something on camera. No action still,Cops will just ask money from you to lodge a complaint. You’ll just end up spending more on bribes than the objects worth.,23,,,,r/swiggy,,,,https://www.reddit.com/r/swiggy/comments/1t9ytcx/swiggy_instamart_delivery_guy_walked_into_my/ol7epv3/
IM-000106,reddit,Jkwaks,,/u/Jkwaks on Swiggy Instamart delivery guy walked into my house… and stole something on camera. No action still,This has never really happened! You go to a decent police station and they don’t take money to file a complain,21,,,,r/swiggy,,,,https://www.reddit.com/r/swiggy/comments/1t9ytcx/swiggy_instamart_delivery_guy_walked_into_my/ol82myt/
IM-000107,reddit,SnooCauliflowers6134,,/u/SnooCauliflowers6134 on Swiggy Instamart delivery guy walked into my house… and stole something on camera. No action still,"But at least the delivery person will cooked if OP made a complaint , good lesson for him",18,,,,r/swiggy,,,,https://www.reddit.com/r/swiggy/comments/1t9ytcx/swiggy_instamart_delivery_guy_walked_into_my/ol7v1q5/
IM-000108,reddit,mansplaining_1,,/u/mansplaining_1 on Swiggy Instamart delivery guy walked into my house… and stole something on camera. No action still,"I don&#39;t understand why you are discouraging OP from doing the right thing. &quot;Oh police might not help&quot; &quot;Oh no action will be taken&quot; How about &quot;yes, man take the necessary action. Fuck that delivery guy up.&quot; What if police actually are good? You may think you are being a realist but you are definitely coming across as a rank pessimist.",61,,,,r/swiggy,,,,https://www.reddit.com/r/swiggy/comments/1t9ytcx/swiggy_instamart_delivery_guy_walked_into_my/ol8ywp0/
IM-000109,reddit,CharacterIll5275,,/u/CharacterIll5275 on Swiggy Instamart delivery guy walked into my house… and stole something on camera. No action still,He must one with the delivery guy,7,,,,r/swiggy,,,,https://www.reddit.com/r/swiggy/comments/1t9ytcx/swiggy_instamart_delivery_guy_walked_into_my/olk1e4a/
IM-000110,reddit,the_summer_,,/u/the_summer_ on Swiggy Instamart delivery guy walked into my house… and stole something on camera. No action still,"download invoice it will show address of their store and just go to that store, show manager his pic?",19,,,,r/swiggy,,,,https://www.reddit.com/r/swiggy/comments/1t9ytcx/swiggy_instamart_delivery_guy_walked_into_my/ol7rv06/
IM-000111,reddit,chubbypetals,,/u/chubbypetals on Swiggy Instamart delivery guy walked into my house… and stole something on camera. No action still,"Police complaint? Definitely. Send a legal notice to the delivery guy and Swiggy both. If u can, file a fir against both. Jab legal notice jayega bsdk tak aukat yaad ayegi. Post on twitter and insta also.",37,,,,r/swiggy,,,,https://www.reddit.com/r/swiggy/comments/1t9ytcx/swiggy_instamart_delivery_guy_walked_into_my/ol7l49v/
IM-000112,reddit,YesterdayOk7452,,/u/YesterdayOk7452 on Swiggy Instamart delivery guy walked into my house… and stole something on camera. No action still,"swiggy refused to share any info about the rider nor their dark store address which can be mentioned in the FIR. all I am planning to do is requesting RWA to block all swiggy personnel from entering the society. if that happens, it will make the entire 400 household+ society non-operational for them for both Swiggy Food + instamart delivery. That is the only way i can escalate the situation and make them pay attention when it starts hurting their bottom line",82,,,,r/swiggy,,,,https://www.reddit.com/r/swiggy/comments/1t9ytcx/swiggy_instamart_delivery_guy_walked_into_my/ol7nm1m/
IM-000113,reddit,Responsible_Plum3407,,/u/Responsible_Plum3407 on Swiggy Instamart delivery guy walked into my house… and stole something on camera. No action still,"OP, if you place an order in your Swiggy App again, it should show the dark store&#39;s address. Alternatively, if the address doesn&#39;t show up, simply use maps to check and match the address. Also, pretty sure your invoice would have full details of the dark store.",47,,,,r/swiggy,,,,https://www.reddit.com/r/swiggy/comments/1t9ytcx/swiggy_instamart_delivery_guy_walked_into_my/ol7rmwu/
IM-000114,reddit,Character_Meal3308,,/u/Character_Meal3308 on Swiggy Instamart delivery guy walked into my house… and stole something on camera. No action still,download swiggy delivery partner app and from there to join store u can see the store address,17,,,,r/swiggy,,,,https://www.reddit.com/r/swiggy/comments/1t9ytcx/swiggy_instamart_delivery_guy_walked_into_my/ol9yo4k/
IM-000115,reddit,dkgupta121,,Swiggy Instamart sent me spoilt milk for the second consecutive day,"Hey everyone, Just a heads-up if you’re ordering dairy from Swiggy Instamart right now. Yesterday, I cut open my Heritage milk packet and it instantly smelled foul and looked completely spoilt before it even touched the stove. Annoying, but I assumed it was a one-off issue. Cut to this morning. I ordered three packets of Heritage Full Cream and one packet of Heritage Toned. The second I opened them, the exact same thing happened. All four packets were completely rotten and smelling terrible straight out of the bag. This isn&#39;t just a bad batch; the local Instamart dark store’s refrigeration must be completely broken, and they are actively shipping out rotten dairy. Absolute zero quality control. Check your milk the second you open it today. &#32; submitted by &#32; /u/dkgupta121 [link] &#32; [comments]",133,,,,r/swiggy,,,,https://www.reddit.com/r/swiggy/comments/1uua2u4/swiggy_instamart_sent_me_spoilt_milk_for_the/
IM-000116,reddit,AutoModerator,,/u/AutoModerator on Swiggy Instamart sent me spoilt milk for the second consecutive day,"Thank you for your post, u/dkgupta121! It is currently under review and will be public after quality check. You can help in the process. We are looking for moderators. If you hang in this sub a lot and feel a sense of community here; maybe you would like to be a mod? If your account is more than 6 months old, please apply. Swiggy employees and associates are not eligible to apply. I am a bot, and this action was performed automatically. Please contact the moderators of this subreddit if you have any questions or concerns.",96,,,,r/swiggy,,,,https://www.reddit.com/r/swiggy/comments/1uua2u4/swiggy_instamart_sent_me_spoilt_milk_for_the/ox1ujco/
IM-000117,reddit,backbone97,,/u/backbone97 on Swiggy Instamart sent me spoilt milk for the second consecutive day,"if u buy milk again from there, u r an idiot, 2 mistakes are acceptable if u dont repeat it 3rd time",22,,,,r/swiggy,,,,https://www.reddit.com/r/swiggy/comments/1uua2u4/swiggy_instamart_sent_me_spoilt_milk_for_the/ox35gvc/
IM-000118,reddit,one_mick,,/u/one_mick on Swiggy Instamart sent me spoilt milk for the second consecutive day,Reminds me of the jcole lyrics,6,,,,r/swiggy,,,,https://www.reddit.com/r/swiggy/comments/1uua2u4/swiggy_instamart_sent_me_spoilt_milk_for_the/ox8uhzw/
IM-000119,reddit,Cyanoq,,/u/Cyanoq on Swiggy Instamart sent me spoilt milk for the second consecutive day,he dont wanna be saved,5,,,,r/swiggy,,,,https://www.reddit.com/r/swiggy/comments/1uua2u4/swiggy_instamart_sent_me_spoilt_milk_for_the/ox90vcs/
IM-000120,reddit,Constant-Pain0047,,/u/Constant-Pain0047 on Swiggy Instamart sent me spoilt milk for the second consecutive day,Bro ghar k pas Jo dunkan hai udhar jaya kar har roz jaisa shopkeeper dost banjaiga to kabhi kabhi usk pas fresh dudh nahi hota to vo bolta hai badme aana abhi dudh ki gadi 1 hr bad aigi,39,,,,r/swiggy,,,,https://www.reddit.com/r/swiggy/comments/1uua2u4/swiggy_instamart_sent_me_spoilt_milk_for_the/ox6ky3i/
IM-000121,reddit,BreakReasonable434,,/u/BreakReasonable434 on Swiggy Instamart sent me spoilt milk for the second consecutive day,"That&#39;s what i do , now he keeps 1l milk aside for me everyday",14,,,,r/swiggy,,,,https://www.reddit.com/r/swiggy/comments/1uua2u4/swiggy_instamart_sent_me_spoilt_milk_for_the/oxnksql/
IM-000122,reddit,Open-Historian7341,,/u/Open-Historian7341 on Swiggy Instamart sent me spoilt milk for the second consecutive day,Dukaan se le aa bhai,5,,,,r/swiggy,,,,https://www.reddit.com/r/swiggy/comments/1uua2u4/swiggy_instamart_sent_me_spoilt_milk_for_the/ox2wat2/
IM-000123,reddit,Ladla_ontop,,/u/Ladla_ontop on Swiggy Instamart sent me spoilt milk for the second consecutive day,"Bhai mein dukaan se bhi le aati hu dudh phat jaata hai, weather ki vajah se dudh ki haalat kharab ho jaati hai",23,,,,r/swiggy,,,,https://www.reddit.com/r/swiggy/comments/1uua2u4/swiggy_instamart_sent_me_spoilt_milk_for_the/oxotqqf/
IM-000124,reddit,sunilswag,,/u/sunilswag on Swiggy Instamart sent me spoilt milk for the second consecutive day,Roshogulla khilana hoga unko tujhe 😂,6,,,,r/swiggy,,,,https://www.reddit.com/r/swiggy/comments/1uua2u4/swiggy_instamart_sent_me_spoilt_milk_for_the/ox5j5bf/
IM-000125,reddit,Aims101,,/u/Aims101 on Swiggy Instamart sent me spoilt milk for the second consecutive day,"The same thing has happened to me also. I bought the milk, and it got spoiled super fast. I bought milk through Swiggy twice and never again.",27,,,,r/swiggy,,,,https://www.reddit.com/r/swiggy/comments/1uua2u4/swiggy_instamart_sent_me_spoilt_milk_for_the/ox45frx/
IM-000126,reddit,SKELETON_D,,/u/SKELETON_D on Swiggy Instamart sent me spoilt milk for the second consecutive day,No wonder people so lean towards use Swiggy even after this much open scam and fraud can&#39;t avoid use of them.,21,,,,r/swiggy,,,,https://www.reddit.com/r/swiggy/comments/1uua2u4/swiggy_instamart_sent_me_spoilt_milk_for_the/ox48uxl/
IM-000127,reddit,Fushigoro-Toji,,/u/Fushigoro-Toji on Swiggy Instamart sent me spoilt milk for the second consecutive day,Make paneer but always buy milk from local shops are they are fast moving and there are very less chance that it will be spoilt,25,,,,r/swiggy,,,,https://www.reddit.com/r/swiggy/comments/1uua2u4/swiggy_instamart_sent_me_spoilt_milk_for_the/ox4dob5/
IM-000128,reddit,Average_Otaku6969,,/u/Average_Otaku6969 on Swiggy Instamart sent me spoilt milk for the second consecutive day,Only buy toned milk online folks.,6,,,,r/swiggy,,,,https://www.reddit.com/r/swiggy/comments/1uua2u4/swiggy_instamart_sent_me_spoilt_milk_for_the/ox4hy41/
IM-000129,reddit,Dismal_Apricot_3229,,/u/Dismal_Apricot_3229 on Swiggy Instamart sent me spoilt milk for the second consecutive day,Best advice bro🤘 I only confirmed this after so many trials,11,,,,r/swiggy,,,,https://www.reddit.com/r/swiggy/comments/1uua2u4/swiggy_instamart_sent_me_spoilt_milk_for_the/oxbdwif/
IM-000130,reddit,sapienon_earth,,/u/sapienon_earth on Swiggy Instamart sent me spoilt milk for the second consecutive day,"It happens with me every time I order from Swiggy!! Maybe they do not maintain the temperature during storage. I stopped ordering from it, always go for nearby verka booth.",30,,,,r/swiggy,,,,https://www.reddit.com/r/swiggy/comments/1uua2u4/swiggy_instamart_sent_me_spoilt_milk_for_the/ox4ls3a/
IM-000131,reddit,notmydaughteru81tch,,/u/notmydaughteru81tch on Swiggy Instamart sent me spoilt milk for the second consecutive day,"Me too. Any dairy product I have ever ordered from Swiggy has been spoilt or near spoilt. Sour cream, yoghurt, milk...",21,,,,r/swiggy,,,,https://www.reddit.com/r/swiggy/comments/1uua2u4/swiggy_instamart_sent_me_spoilt_milk_for_the/ox80d0e/
IM-000132,reddit,bluffinhot,,/u/bluffinhot on Swiggy Instamart sent me spoilt milk for the second consecutive day,"I mean, the brand is awful by itself 🤷‍♂️",9,,,,r/swiggy,,,,https://www.reddit.com/r/swiggy/comments/1uua2u4/swiggy_instamart_sent_me_spoilt_milk_for_the/ox4o6g4/
IM-000133,reddit,Amazing_Emphasis8167,,/u/Amazing_Emphasis8167 on Swiggy Instamart sent me spoilt milk for the second consecutive day,Go to the store,4,,,,r/swiggy,,,,https://www.reddit.com/r/swiggy/comments/1uua2u4/swiggy_instamart_sent_me_spoilt_milk_for_the/ox4ufij/
IM-000134,reddit,No_Supermarket_3802,,/u/No_Supermarket_3802 on Swiggy Instamart sent me spoilt milk for the second consecutive day,Try pasteurised milk pockets,4,,,,r/swiggy,,,,https://www.reddit.com/r/swiggy/comments/1uua2u4/swiggy_instamart_sent_me_spoilt_milk_for_the/ox56ycq/
IM-000135,reddit,actionbolt069,,No response from Swiggy Instamart after delivering damaged chocolate,"I ordered a Cadbury Dairy Milk Family Pack from Swiggy Instamart and received it with white spots all over the chocolate (looks spoiled). I immediately raised a complaint through the app, but I haven’t received any proper response or resolution. &#32; submitted by &#32; /u/actionbolt069 [link] &#32; [comments]",48,,,,r/swiggy,,,,https://www.reddit.com/r/swiggy/comments/1r57pwn/no_response_from_swiggy_instamart_after/
IM-000136,reddit,AutoModerator,,/u/AutoModerator on No response from Swiggy Instamart after delivering damaged chocolate,"Thank you for your post, u/actionbolt069! It is currently under review and will be public after quality check. You can help in the process. We are looking for moderators. If you hang in this sub a lot and feel a sense of community here; maybe you would like to be a mod? If your account is more than 6 months old, please fill this form. Swiggy employees and associates are not eligible to apply. I am a bot, and this action was performed automatically. Please contact the moderators of this subreddit if you have any questions or concerns.",98,,,,r/swiggy,,,,https://www.reddit.com/r/swiggy/comments/1r57pwn/no_response_from_swiggy_instamart_after/o5gw8r4/
IM-000137,reddit,pb10011995,,/u/pb10011995 on No response from Swiggy Instamart after delivering damaged chocolate,That&#39;s not ruined it&#39;s called chocolate blooming. Read it up.,10,,,,r/swiggy,,,,https://www.reddit.com/r/swiggy/comments/1r57pwn/no_response_from_swiggy_instamart_after/o5h8gcc/
IM-000138,reddit,Gigachad599isback,,/u/Gigachad599isback on No response from Swiggy Instamart after delivering damaged chocolate,Even on chocolate packets it&#39;s written sometimes that this can occur and does not affect consumption,16,,,,r/swiggy,,,,https://www.reddit.com/r/swiggy/comments/1r57pwn/no_response_from_swiggy_instamart_after/o5h94io/
IM-000139,reddit,anonpumpkin012,,/u/anonpumpkin012 on No response from Swiggy Instamart after delivering damaged chocolate,That’s just blooming.,3,,,,r/swiggy,,,,https://www.reddit.com/r/swiggy/comments/1r57pwn/no_response_from_swiggy_instamart_after/o5hck4g/
IM-000140,reddit,Klutzy-Film18,,/u/Klutzy-Film18 on No response from Swiggy Instamart after delivering damaged chocolate,"nothing is wrong with that , and even if something was wrong swiggy isn&#39;t responsible if its sealed",18,,,,r/swiggy,,,,https://www.reddit.com/r/swiggy/comments/1r57pwn/no_response_from_swiggy_instamart_after/o5hm398/
IM-000141,reddit,Fun-Gas3117,,/u/Fun-Gas3117 on No response from Swiggy Instamart after delivering damaged chocolate,that’s not spoiled tho that’s just sugar coming to the surface when the chocolate is stored in unideal conditions,19,,,,r/swiggy,,,,https://www.reddit.com/r/swiggy/comments/1r57pwn/no_response_from_swiggy_instamart_after/o5ho1ov/
IM-000142,reddit,sexyyscientist,,/u/sexyyscientist on No response from Swiggy Instamart after delivering damaged chocolate,You have never read a chocolate wrapper in your life. This post tells more about you than the chocolate.,19,,,,r/swiggy,,,,https://www.reddit.com/r/swiggy/comments/1r57pwn/no_response_from_swiggy_instamart_after/o5hppp2/
IM-000143,reddit,Maybe_Advisor,,/u/Maybe_Advisor on No response from Swiggy Instamart after delivering damaged chocolate,Always complaint. Even if people tell otherwise,7,,,,r/swiggy,,,,https://www.reddit.com/r/swiggy/comments/1r57pwn/no_response_from_swiggy_instamart_after/o5honx9/
IM-000144,reddit,Diligent_Equipment_9,,/u/Diligent_Equipment_9 on No response from Swiggy Instamart after delivering damaged chocolate,Gaya bhai Swiggy kich nahn karne wala Review dedo aisa bolke support ticket end kardenge Ye toh roz ka ho gaya hai Swiggy ka Proper refund/replacement milna bahut muskil hai aajkal unse.,32,,,,r/swiggy,,,,https://www.reddit.com/r/swiggy/comments/1r57pwn/no_response_from_swiggy_instamart_after/o5hioau/
IM-000145,reddit,[deleted],,/u/[deleted] on No response from Swiggy Instamart after delivering damaged chocolate,[deleted],1,,,,r/swiggy,,,,https://www.reddit.com/r/swiggy/comments/1r57pwn/no_response_from_swiggy_instamart_after/o5hdvt0/
IM-000146,reddit,endoud,,/u/endoud on No response from Swiggy Instamart after delivering damaged chocolate,How much do you need,5,,,,r/swiggy,,,,https://www.reddit.com/r/swiggy/comments/1r57pwn/no_response_from_swiggy_instamart_after/o5hxfvm/
IM-000147,reddit,wesbsitenoob,,/u/wesbsitenoob on No response from Swiggy Instamart after delivering damaged chocolate,chii,1,,,,r/swiggy,,,,https://www.reddit.com/r/swiggy/comments/1r57pwn/no_response_from_swiggy_instamart_after/o5haxke/
IM-000148,reddit,Castrogen,,Swiggy/ Instamart delivery fraud,"Yesterday around 2 PM, I placed a Swiggy Instamart grocery order worth around ₹550. Within about 20 minutes, the delivery partner marked the order as “delivered,” but I never received anything. I immediately contacted Swiggy support through chat and email. After waiting, this is the response I received from Instamart support: That’s it. No proof of delivery, no proper investigation, no attempt to verify with the delivery partner — just a straight refusal to refund. The delivery partner didn’t properly contact me before marking the order as delivered either. I checked nearby houses/buildings as well, but the groceries were nowhere to be found. What’s frustrating is that the email itself acknowledges the “unpleasant experience,” but they still refuse to refund for an order I never received. Paying ₹550 and then getting generic copy-paste replies honestly feels like a scam. Has anyone else faced this with Swiggy Instamart recently? What’s the best way to escalate this — consumer court, chargeback, social media escalation, or NCH complaint? &#32; submitted by &#32; /u/Castrogen [link] &#32; [comments]",173,,,,r/swiggy,,,,https://www.reddit.com/r/swiggy/comments/1tjg1uc/swiggy_instamart_delivery_fraud/
IM-000149,reddit,AutoModerator,,/u/AutoModerator on Swiggy/ Instamart delivery fraud,"Thank you for your post, u/Castrogen! It is currently under review and will be public after quality check. You can help in the process. We are looking for moderators. If you hang in this sub a lot and feel a sense of community here; maybe you would like to be a mod? If your account is more than 6 months old, please fill this form. Swiggy employees and associates are not eligible to apply. I am a bot, and this action was performed automatically. Please contact the moderators of this subreddit if you have any questions or concerns.",98,,,,r/swiggy,,,,https://www.reddit.com/r/swiggy/comments/1tjg1uc/swiggy_instamart_delivery_fraud/on12b0y/
IM-000150,reddit,Darkken2,,/u/Darkken2 on Swiggy/ Instamart delivery fraud,does the customer care know nothing other than saying no in 200 words,13,,,,r/swiggy,,,,https://www.reddit.com/r/swiggy/comments/1tjg1uc/swiggy_instamart_delivery_fraud/on1rpbe/
IM-000151,reddit,Castrogen,,/u/Castrogen on Swiggy/ Instamart delivery fraud,Let me try that,4,,,,r/swiggy,,,,https://www.reddit.com/r/swiggy/comments/1tjg1uc/swiggy_instamart_delivery_fraud/on31i1r/
IM-000152,reddit,Many-Hawk-1212,,/u/Many-Hawk-1212 on Swiggy/ Instamart delivery fraud,Call them or else file a consumer complaint online through WhatsApp.,11,,,,r/swiggy,,,,https://www.reddit.com/r/swiggy/comments/1tjg1uc/swiggy_instamart_delivery_fraud/on2bd5y/
IM-000153,reddit,bendo_verson,,/u/bendo_verson on Swiggy/ Instamart delivery fraud,&quot;Hi Redmi&quot;,2,,,,r/swiggy,,,,https://www.reddit.com/r/swiggy/comments/1tjg1uc/swiggy_instamart_delivery_fraud/on2qfrx/
IM-000154,reddit,AI_se_pehle_ke_prani,,/u/AI_se_pehle_ke_prani on Swiggy/ Instamart delivery fraud,Wrf,1,,,,r/swiggy,,,,https://www.reddit.com/r/swiggy/comments/1tjg1uc/swiggy_instamart_delivery_fraud/on32a2e/
IM-000155,reddit,Agreeable_Control725,,/u/Agreeable_Control725 on Swiggy/ Instamart delivery fraud,Swiggy is a f*ckup company- ipo karke ab soch rahe government company hai,13,,,,r/swiggy,,,,https://www.reddit.com/r/swiggy/comments/1tjg1uc/swiggy_instamart_delivery_fraud/on6wodx/
IM-000156,reddit,Disastrous-Equal-105,,/u/Disastrous-Equal-105 on Swiggy/ Instamart delivery fraud,Make a tweet with harsh Word on X. They will definitely resolve this. Add more drama like u hold Swiggy shares and will sell. Coz of this. Etc etc. They will definitely provide refund,34,,,,r/swiggy,,,,https://www.reddit.com/r/swiggy/comments/1tjg1uc/swiggy_instamart_delivery_fraud/on46q18/
IM-000157,reddit,Puzzled-Estimate9451,,Swiggy instamart is total scamm,"today I was just ordering groceries and added two items in my cart. Surprisingly, both items show different price on their app while I was searching and increased price in the cart. Almost ₹80 extra!!! the thing is I never cross check the total value like this as i usually order 10-15 items and i dont have the time to check each item price as shown on app before adding to cart and after adding to cart. and now i realise how many times i would have been scammed like this. not just me but many more people are scammed like this on everyday basis. swiggy in general is such a big scammer. companies like this should be shut down completely. its really a huge malpractice. &#32; submitted by &#32; /u/Puzzled-Estimate9451 [link] &#32; [comments]",134,,,,r/swiggy,,,,https://www.reddit.com/r/swiggy/comments/1rn8dby/swiggy_instamart_is_total_scamm/
IM-000158,reddit,AutoModerator,,/u/AutoModerator on Swiggy instamart is total scamm,"Thank you for your post, u/Puzzled-Estimate9451! It is currently under review and will be public after quality check. You can help in the process. We are looking for moderators. If you hang in this sub a lot and feel a sense of community here; maybe you would like to be a mod? If your account is more than 6 months old, please fill this form. Swiggy employees and associates are not eligible to apply. I am a bot, and this action was performed automatically. Please contact the moderators of this subreddit if you have any questions or concerns.",98,,,,r/swiggy,,,,https://www.reddit.com/r/swiggy/comments/1rn8dby/swiggy_instamart_is_total_scamm/o94sc74/
IM-000159,reddit,Complex_Marketing_10,,/u/Complex_Marketing_10 on Swiggy instamart is total scamm,Yes..they do that,3,,,,r/swiggy,,,,https://www.reddit.com/r/swiggy/comments/1rn8dby/swiggy_instamart_is_total_scamm/o96daaf/
IM-000160,reddit,krazyKat2005,,/u/krazyKat2005 on Swiggy instamart is total scamm,Can we complaint about this in consumer court,8,,,,r/swiggy,,,,https://www.reddit.com/r/swiggy/comments/1rn8dby/swiggy_instamart_is_total_scamm/o96g68w/
IM-000161,reddit,ThickAccident6744,,/u/ThickAccident6744 on Swiggy instamart is total scamm,Absolutely YES,2,,,,r/swiggy,,,,https://www.reddit.com/r/swiggy/comments/1rn8dby/swiggy_instamart_is_total_scamm/o97qnbx/
IM-000162,reddit,jerrykingog,,/u/jerrykingog on Swiggy instamart is total scamm,Ye log ikdum xhutiya hain bklode madarchod inki ma ki eandi phata hua atta bhejte hain inki biwi ki chut bhi fati hui mile inko mak ki chit inki bsdk kabhi alkuch mat mangana inse behen ke lode,38,,,,r/swiggy,,,,https://www.reddit.com/r/swiggy/comments/1rn8dby/swiggy_instamart_is_total_scamm/oxu0cxi/
IM-000163,reddit,[deleted],,/u/[deleted] on Swiggy instamart is total scamm,Lol,1,,,,r/swiggy,,,,https://www.reddit.com/r/swiggy/comments/1rn8dby/swiggy_instamart_is_total_scamm/o96c1pg/
IM-000164,reddit,masalacandy,,/u/masalacandy on Swiggy instamart is total scamm,I am glad this never happened with me,8,,,,r/swiggy,,,,https://www.reddit.com/r/swiggy/comments/1rn8dby/swiggy_instamart_is_total_scamm/o9bdw2q/
IM-000165,reddit,KandM_forever5687,,Surprisingly fast response of Instamart.....!,"Can&#39;t believe Swiggy processed a refund under 5 minutes... So I received an icecream tub, when I asked the delivery person, I&#39;m sure he noticed the weight difference but still gave it to me.....I was in a hurry so I quickly took the order and went to bring cash.....I still felt something odd and checked the icecream once only to find that it was already eaten and the seal was broken, disgusting. So I immediately launched a complaint and the support turned out to be amazing.I recieved the refund almost instantly. Rare case tbh. Anyway thanks for reading. Tldr : I received a half eaten icecream tub via Instamart and the refund process was extremely quick. &#32; submitted by &#32; /u/KandM_forever5687 [link] &#32; [comments]",124,,,,r/swiggy,,,,https://www.reddit.com/r/swiggy/comments/1r83mfj/surprisingly_fast_response_of_instamart/
IM-000166,reddit,AutoModerator,,/u/AutoModerator on Surprisingly fast response of Instamart.....!,"Thank you for your post, u/KandM_forever5687! It is currently under review and will be public after quality check. You can help in the process. We are looking for moderators. If you hang in this sub a lot and feel a sense of community here; maybe you would like to be a mod? If your account is more than 6 months old, please fill this form. Swiggy employees and associates are not eligible to apply. I am a bot, and this action was performed automatically. Please contact the moderators of this subreddit if you have any questions or concerns.",98,,,,r/swiggy,,,,https://www.reddit.com/r/swiggy/comments/1r83mfj/surprisingly_fast_response_of_instamart/o61xhiv/
IM-000167,reddit,141414ankith,,/u/141414ankith on Surprisingly fast response of Instamart.....!,you are new to instamart ig,6,,,,r/swiggy,,,,https://www.reddit.com/r/swiggy/comments/1r83mfj/surprisingly_fast_response_of_instamart/o639w18/
IM-000168,reddit,KandM_forever5687,,/u/KandM_forever5687 on Surprisingly fast response of Instamart.....!,Nope have been using it for a long time.,9,,,,r/swiggy,,,,https://www.reddit.com/r/swiggy/comments/1r83mfj/surprisingly_fast_response_of_instamart/o66ljvm/
IM-000169,reddit,TomorrowAdvanced2749,,/u/TomorrowAdvanced2749 on Surprisingly fast response of Instamart.....!,"I wouldn&#39;t call a coupon a refund, there&#39;s a huge difference. Always ask for refund to source, you can always use other coupons and save money, or you could spend this money on some other platform where some product might be cheaper, this money is now basically as good as you have given them.",54,,,,r/swiggy,,,,https://www.reddit.com/r/swiggy/comments/1r83mfj/surprisingly_fast_response_of_instamart/o63cb34/
IM-000170,reddit,No_Professor_8678,,/u/No_Professor_8678 on Surprisingly fast response of Instamart.....!,Yea. Agreed. Never accept coupons. Sometimes they aren&#39;t eligible on the thing you want to buy or you forget it exists and it expires. Always refund to source. Swiggy money isn&#39;t a bad option either.,35,,,,r/swiggy,,,,https://www.reddit.com/r/swiggy/comments/1r83mfj/surprisingly_fast_response_of_instamart/o68fcox/
IM-000171,reddit,SnooCauliflowers6134,,/u/SnooCauliflowers6134 on Surprisingly fast response of Instamart.....!,He gave cash,3,,,,r/swiggy,,,,https://www.reddit.com/r/swiggy/comments/1r83mfj/surprisingly_fast_response_of_instamart/o63l8go/
IM-000172,reddit,CheetahIntelligent62,,/u/CheetahIntelligent62 on Surprisingly fast response of Instamart.....!,You are thr first person I saw who chose coupon over money refund.,13,,,,r/swiggy,,,,https://www.reddit.com/r/swiggy/comments/1r83mfj/surprisingly_fast_response_of_instamart/o63zbyv/
IM-000173,reddit,BooMxsi,,/u/BooMxsi on Surprisingly fast response of Instamart.....!,To cash flipkart amazon etc ko bhi deta hoga cod mai waha bhi not possible hai kya refund 😂. Cod mai bhi refund aata hai instamart mai.,27,,,,r/swiggy,,,,https://www.reddit.com/r/swiggy/comments/1r83mfj/surprisingly_fast_response_of_instamart/o6779xy/
IM-000174,reddit,AspectAdventurous420,,/u/AspectAdventurous420 on Surprisingly fast response of Instamart.....!,Coupons are waste because now you cannot apply other coupons which will result in monetary loss,16,,,,r/swiggy,,,,https://www.reddit.com/r/swiggy/comments/1r83mfj/surprisingly_fast_response_of_instamart/o665ivl/
IM-000175,reddit,endoud,,/u/endoud on Surprisingly fast response of Instamart.....!,It&#39;s not always a loss. Some good restaurants don&#39;t provide any coupons. He can try out their dishes without feeling like suffering a loss because of this coupon.,28,,,,r/swiggy,,,,https://www.reddit.com/r/swiggy/comments/1r83mfj/surprisingly_fast_response_of_instamart/o66lsl3/
IM-000176,reddit,Kind_Impact_9375,,/u/Kind_Impact_9375 on Surprisingly fast response of Instamart.....!,"When you lose an argument just insert a cool &quot;metaphor&quot; to make it look like &quot;Yes, I lost the argument yet I am the coolest person living chill life&quot; u/AspectAdventurous420 - Ignore him bro he won&#39;t understand he already lost the argument just like trying to look cool. Last but not the least, you both are dumbass cause OP ordered from Instamart and not food service. Even If uses the coupon there he will lose payment offers. and u/endoud If you don&#39;t much about saving money you can send them to me.",92,,,,r/swiggy,,,,https://www.reddit.com/r/swiggy/comments/1r83mfj/surprisingly_fast_response_of_instamart/o671og2/
IM-000177,reddit,sarvesh_s,,/u/sarvesh_s on Surprisingly fast response of Instamart.....!,Instamart pe coupons normally nahi hote,6,,,,r/swiggy,,,,https://www.reddit.com/r/swiggy/comments/1r83mfj/surprisingly_fast_response_of_instamart/o6703t4/
IM-000178,reddit,Swaalina_,,First day as a delivery partner… and I don’t feel like going back anymore,"I started working as a Swiggy Instamart delivery partner because I wanted to earn some money for my college fees. My parents told me not to do this job, but I still wanted to try and stand on my own. Yesterday was my first day… and it didn’t go how I imagined at all. I reached the store around 12 PM and did 2 orders. From the beginning, some of the other delivery partners were looking at me in a strange way. When I came back after my second order, a group of around 7–8 guys surrounded me. They asked for my ID, and one of them even grabbed my phone from my hand. Then they told me I can’t work there because the area already has “full partners.” When I asked why the app is still hiring then, they said something like: “The app will keep hiring, but we won’t let you work here.” I didn’t really know what to say… but I still told them I’ll continue working. They just replied, “we’ll see.” After that, I tried to stay calm and finished a few more things, then went home around 2 PM. I kept thinking about it… whether I should go back or not. In the evening, I decided to go again. I didn’t want to give up on the first day itself. When I reached, everything felt the same. Same people, same looks. I did one order and sat inside waiting for another. At one point, I noticed some of them sitting on my bike outside. I felt something was off, but I ignored it. After some time, I got another order. I started my bike, and within seconds it started shaking badly. I almost lost control and hit a car. Then I checked and realized my tyre was completely punctured. At that moment, I just felt… helpless. I still had a customer’s order, so I somehow rode slowly for 3 km and delivered it. After that, I had to walk my bike all the way home. When I reached, I told my mom everything. She just said, “duniya boht kharab hai” and told me not to go there again. I don’t know… I just wanted to earn honestly and do something on my own. Didn’t expect my first day to feel like this. Now I’m just sitting here thinking if I should even go back. Has anyone else experienced something like this? Is this normal in delivery jobs? &#32; submitted by &#32; /u/Swaalina_ [link] &#32; [comments]",420,,,,r/swiggy,,,,https://www.reddit.com/r/swiggy/comments/1siebx1/first_day_as_a_delivery_partner_and_i_dont_feel/
IM-000179,reddit,AutoModerator,,/u/AutoModerator on First day as a delivery partner… and I don’t feel like going back anymore,"Thank you for your post, u/Swaalina_! It is currently under review and will be public after quality check. You can help in the process. We are looking for moderators. If you hang in this sub a lot and feel a sense of community here; maybe you would like to be a mod? If your account is more than 6 months old, please fill this form. Swiggy employees and associates are not eligible to apply. I am a bot, and this action was performed automatically. Please contact the moderators of this subreddit if you have any questions or concerns.",98,,,,r/swiggy,,,,https://www.reddit.com/r/swiggy/comments/1siebx1/first_day_as_a_delivery_partner_and_i_dont_feel/ofjgd3l/
IM-000180,reddit,ExcuseBorn9873,,/u/ExcuseBorn9873 on First day as a delivery partner… and I don’t feel like going back anymore,looks like tier 2 city,5,,,,r/swiggy,,,,https://www.reddit.com/r/swiggy/comments/1siebx1/first_day_as_a_delivery_partner_and_i_dont_feel/ofjpu8f/
IM-000181,reddit,Efficient-Crab-8886,,/u/Efficient-Crab-8886 on First day as a delivery partner… and I don’t feel like going back anymore,"I feel like decathlon has the best staff ever, i hope they have good policies for staff",17,,,,r/swiggy,,,,https://www.reddit.com/r/swiggy/comments/1siebx1/first_day_as_a_delivery_partner_and_i_dont_feel/oflw63f/
IM-000182,reddit,asta--liebe,,/u/asta--liebe on First day as a delivery partner… and I don’t feel like going back anymore,"Bro i am ex decathlon employee, trust me we treat our employees much better . Although some store managers maybe strict in terms of your learning and your involvement but overall all decathlon stores are 10x better the typical retail stores",41,,,,r/swiggy,,,,https://www.reddit.com/r/swiggy/comments/1siebx1/first_day_as_a_delivery_partner_and_i_dont_feel/ofpjzdp/
IM-000183,reddit,CartographerLess6168,,/u/CartographerLess6168 on First day as a delivery partner… and I don’t feel like going back anymore,hey sir please let me know how can i apply at decathlon,12,,,,r/swiggy,,,,https://www.reddit.com/r/swiggy/comments/1siebx1/first_day_as_a_delivery_partner_and_i_dont_feel/ofrpe9p/
IM-000184,reddit,Akshat_2307,,/u/Akshat_2307 on First day as a delivery partner… and I don’t feel like going back anymore,how much do they pay and work hours ?,9,,,,r/swiggy,,,,https://www.reddit.com/r/swiggy/comments/1siebx1/first_day_as_a_delivery_partner_and_i_dont_feel/ofs7biw/
IM-000185,reddit,WoodenBreadfruit5911,,/u/WoodenBreadfruit5911 on First day as a delivery partner… and I don’t feel like going back anymore,Can you dm me aswell pls?,6,,,,r/swiggy,,,,https://www.reddit.com/r/swiggy/comments/1siebx1/first_day_as_a_delivery_partner_and_i_dont_feel/ofwom4y/
IM-000186,reddit,LaughRemarkable226,,/u/LaughRemarkable226 on First day as a delivery partner… and I don’t feel like going back anymore,Please dm.me.as.well,2,,,,r/swiggy,,,,https://www.reddit.com/r/swiggy/comments/1siebx1/first_day_as_a_delivery_partner_and_i_dont_feel/ofws117/
IM-000187,reddit,andimandibhenkilendi,,/u/andimandibhenkilendi on First day as a delivery partner… and I don’t feel like going back anymore,Please can you dm me too,6,,,,r/swiggy,,,,https://www.reddit.com/r/swiggy/comments/1siebx1/first_day_as_a_delivery_partner_and_i_dont_feel/ofy223p/
IM-000188,reddit,Loud_Seat9862,,/u/Loud_Seat9862 on First day as a delivery partner… and I don’t feel like going back anymore,could u please send me a dm too,8,,,,r/swiggy,,,,https://www.reddit.com/r/swiggy/comments/1siebx1/first_day_as_a_delivery_partner_and_i_dont_feel/og3d64w/
IM-000189,reddit,tictactoem,,/u/tictactoem on First day as a delivery partner… and I don’t feel like going back anymore,hey can u dm me aswell,6,,,,r/swiggy,,,,https://www.reddit.com/r/swiggy/comments/1siebx1/first_day_as_a_delivery_partner_and_i_dont_feel/og5l2n4/
IM-000190,reddit,Osyrus191,,/u/Osyrus191 on First day as a delivery partner… and I don’t feel like going back anymore,Could you please share with me also,7,,,,r/swiggy,,,,https://www.reddit.com/r/swiggy/comments/1siebx1/first_day_as_a_delivery_partner_and_i_dont_feel/ofxl58u/
IM-000191,reddit,Few_Pause4939,,/u/Few_Pause4939 on First day as a delivery partner… and I don’t feel like going back anymore,"Hey sir can you pls dm me more details? I have a friend who’s in need, this might really help him.",21,,,,r/swiggy,,,,https://www.reddit.com/r/swiggy/comments/1siebx1/first_day_as_a_delivery_partner_and_i_dont_feel/ofxurtl/
IM-000192,reddit,Creative-Judgment441,,/u/Creative-Judgment441 on First day as a delivery partner… and I don’t feel like going back anymore,"I live in Mumbai , I want to work for a few months to earn some money before college , can I dm you?",24,,,,r/swiggy,,,,https://www.reddit.com/r/swiggy/comments/1siebx1/first_day_as_a_delivery_partner_and_i_dont_feel/og275qb/
IM-000193,reddit,sleepy0508,,/u/sleepy0508 on First day as a delivery partner… and I don’t feel like going back anymore,At least in Pune the decathlon staff is pathetic All college students filled with massive amounts of attitude as if their father is a multi millionaire and not that they have to work here cause they’re fucking broke,38,,,,r/swiggy,,,,https://www.reddit.com/r/swiggy/comments/1siebx1/first_day_as_a_delivery_partner_and_i_dont_feel/ofzs8hp/
IM-000194,reddit,itskoustavdas,,"Quick question for Blinkit, Zepto & Instamart riders! What are your real earnings and stress like?","Hi everyone, I’m working on a paper about what it actually costs to be a delivery rider right now. The apps show one thing, but I know the reality on the road is very different. I tried asking around at local dark stores, but I didn&#39;t get the real story. The only way to find the truth is to ask the people doing the hard work If you ride for Blinkit, Zepto, Instamart, or any similar app, please help me out by sharing your experience! The Numbers I Need: Could you share a quick breakdown from your app? Few recent trips: How many kilometers was it? How many minutes did it actually take? What was the pay for that single trip? Your Totals (Daily or Weekly or Monthly): Total orders completed Overall distance covered Your base trip pay &amp; your incentives/bonuses How to share: Drop your numbers in the comments, DM me, or fill out this https://forms.gle/Kx2WVigN11iu96k57 to stay totally anonymous. Screenshots of your earnings are perfect too! The Unpaid Work (3 Quick Questions): The apps only pay from point A to point B. What about the rest? Where do you ride? (City is fine. I&#39;m in West Bengal myself, but want to hear from everywhere!) Unpaid driving: How many extra kilometers do you drive per order that the app doesn&#39;t pay for? (Like riding back to the store). Unpaid time: How many extra minutes do you waste per order? (Waiting for the bag at the store, arguing with guards, finding the exact flat). Beyond the money, I know this job is hard. The apps promise super-fast delivery, but how does that pressure affect you? My Google Form includes a few quick questions about stress, safety, and physical pain, because your health matters just as much as the money. Your answers will help show the public the real grind and what you actually take home at the end of the day. Thanks so much for your time, and stay safe out there! 🙏 &#32; submitted by &#32; /u/itskoustavdas [link] &#32; [comments]",341,,,,r/FuckZepto,,,,https://www.reddit.com/r/FuckZepto/comments/1trnor3/quick_question_for_blinkit_zepto_instamart_riders/
IM-000195,reddit,Aggressive_Age_4835,,"/u/Aggressive_Age_4835 on Quick question for Blinkit, Zepto & Instamart riders! What are your real earnings and stress like?",Packers will get 1 Rs per item they pick. Not sure about riders.,13,,,,r/FuckZepto,,,,https://www.reddit.com/r/FuckZepto/comments/1trnor3/quick_question_for_blinkit_zepto_instamart_riders/oopi23c/
IM-000196,reddit,Mysterious_Fold_2253,,"/u/Mysterious_Fold_2253 on Quick question for Blinkit, Zepto & Instamart riders! What are your real earnings and stress like?","Noo they don&#39;t, I&#39;ve worked in Blinkit as a Packer and We get paid half a Rupee for every one Item soo 2 Items gives us 1₹ and 10 Items gives us 5₹ This is Such a Pathetic pay, I barely did it for a week then left",48,,,,r/FuckZepto,,,,https://www.reddit.com/r/FuckZepto/comments/1trnor3/quick_question_for_blinkit_zepto_instamart_riders/oot0rlc/
IM-000197,reddit,itskoustavdas,,"/u/itskoustavdas on Quick question for Blinkit, Zepto & Instamart riders! What are your real earnings and stress like?",That is really low. Another person told me that searching for rare items can sometimes waste 5-10 minutes which must completely ruin your earnings. If you don&#39;t mind sharing roughly how many items were you able to pack in a typical hour?,42,,,,r/FuckZepto,,,,https://www.reddit.com/r/FuckZepto/comments/1trnor3/quick_question_for_blinkit_zepto_instamart_riders/oow64hr/
IM-000198,reddit,External_Hopes,,"/u/External_Hopes on Quick question for Blinkit, Zepto & Instamart riders! What are your real earnings and stress like?","I am a rider at big basket, can I give my inputs?",12,,,,r/FuckZepto,,,,https://www.reddit.com/r/FuckZepto/comments/1trnor3/quick_question_for_blinkit_zepto_instamart_riders/ooxdfzf/
IM-000199,reddit,average_ladka,,"/u/average_ladka on Quick question for Blinkit, Zepto & Instamart riders! What are your real earnings and stress like?",Apka hi wait tha bhai btao,6,,,,r/FuckZepto,,,,https://www.reddit.com/r/FuckZepto/comments/1trnor3/quick_question_for_blinkit_zepto_instamart_riders/ooyzetw/
IM-000200,reddit,DARKSIDE_HOOKER_1808,,"/u/DARKSIDE_HOOKER_1808 on Quick question for Blinkit, Zepto & Instamart riders! What are your real earnings and stress like?",Batao btao,2,,,,r/FuckZepto,,,,https://www.reddit.com/r/FuckZepto/comments/1trnor3/quick_question_for_blinkit_zepto_instamart_riders/op0349c/
IM-000201,reddit,Town_grocer,,"/u/Town_grocer on Quick question for Blinkit, Zepto & Instamart riders! What are your real earnings and stress like?",Waiting for the next update here on the answers you got.,11,,,,r/FuckZepto,,,,https://www.reddit.com/r/FuckZepto/comments/1trnor3/quick_question_for_blinkit_zepto_instamart_riders/oospzlm/
IM-000202,reddit,RemindMeBot,,"/u/RemindMeBot on Quick question for Blinkit, Zepto & Instamart riders! What are your real earnings and stress like?",I will be messaging you in 2 hours on 2026-05-30 20:29:42 UTC to remind you of this link CLICK THIS LINK to send a PM to also be reminded and to reduce spam. Parent commenter can delete this message to hide from others. Info Custom Your Reminders Feedback,48,,,,r/FuckZepto,,,,https://www.reddit.com/r/FuckZepto/comments/1trnor3/quick_question_for_blinkit_zepto_instamart_riders/oot17rc/
IM-000203,reddit,newbie__02,,Swiggy instamart Delivery,"Hi All, I&#39;m a underpaid Engineer looking for a side hustle. And i came across Swiggy and swiggy instamart delivery jobs. Now i want to know from someone who works as a delivery partner in Banglore. Please tell me practically how much can i earn if i do work as a delivery partner for 4 hours in a day. &#32; submitted by &#32; /u/newbie__02 [link] &#32; [comments]",67,,,,r/swiggy,,,,https://www.reddit.com/r/swiggy/comments/1pbw2yk/swiggy_instamart_delivery/
IM-000204,reddit,AutoModerator,,/u/AutoModerator on Swiggy instamart Delivery,"Thank you for your post, u/newbie__02! It is currently under review and will be public after quality check. You can help in the process. We are looking for moderators. If you hang in this sub a lot and feel a sense of community here; maybe you would like to be a mod? If your account is more than 6 months old, please fill this form. Swiggy employees and associates are not eligible to apply. I am a bot, and this action was performed automatically. Please contact the moderators of this subreddit if you have any questions or concerns.",98,,,,r/swiggy,,,,https://www.reddit.com/r/swiggy/comments/1pbw2yk/swiggy_instamart_delivery/nrtdr65/
IM-000205,reddit,sexyyscientist,,/u/sexyyscientist on Swiggy instamart Delivery,₹300 on a normal day with a range of ₹200 - 600,12,,,,r/swiggy,,,,https://www.reddit.com/r/swiggy/comments/1pbw2yk/swiggy_instamart_delivery/nrudyzb/
IM-000206,reddit,[deleted],,/u/[deleted] on Swiggy instamart Delivery,Is this your side hustle or main gig?,8,,,,r/swiggy,,,,https://www.reddit.com/r/swiggy/comments/1pbw2yk/swiggy_instamart_delivery/nskrx1m/
IM-000207,reddit,newbie__02,,/u/newbie__02 on Swiggy instamart Delivery,Any suggestion or insight would be appriciated.,7,,,,r/swiggy,,,,https://www.reddit.com/r/swiggy/comments/1pbw2yk/swiggy_instamart_delivery/nrtevl0/
IM-000208,reddit,uhhhhdawg,,/u/uhhhhdawg on Swiggy instamart Delivery,Side hustle will be good but you have to work for 4 hours atleast to get serious income someone told me once,22,,,,r/swiggy,,,,https://www.reddit.com/r/swiggy/comments/1pbw2yk/swiggy_instamart_delivery/nrxguit/
IM-000209,reddit,TechnicalProduce6009,,/u/TechnicalProduce6009 on Swiggy instamart Delivery,What if I don&#39;t know driving? Can I get in for support executive?,13,,,,r/swiggy,,,,https://www.reddit.com/r/swiggy/comments/1pbw2yk/swiggy_instamart_delivery/nse7o0a/
IM-000210,reddit,BikeDriver0001,,/u/BikeDriver0001 on Swiggy instamart Delivery,F**k Swiggy zomato Best side hustle is Rapido or Uber Just complete the ride a get money in your own QR/ UPI In Swiggy/zomato u have to follow many rules... Click selfie with bag / tshirt.. can&#39;t rest between orders... Can&#39;t cancel orders In rapido u can accept or reject any order as per your wish.. u can be online whenever u want... Swiggy will call u daily for getting online Lastly about earning... U can earn upto 300/400 per hour early morning,83,,,,r/swiggy,,,,https://www.reddit.com/r/swiggy/comments/1pbw2yk/swiggy_instamart_delivery/nskb89c/
IM-000211,reddit,Visual_Blueberry8827,,/u/Visual_Blueberry8827 on Swiggy instamart Delivery,"To be frank, as an Instamart delivery person you would only earn around 100 rs per hour on average. If you work for about 7 hours, you would hit a required trip count to qualify for incentives. With those incentives included, you can make roughly 1,000 a day.",48,,,,r/swiggy,,,,https://www.reddit.com/r/swiggy/comments/1pbw2yk/swiggy_instamart_delivery/ntmq5p3/
IM-000212,reddit,FrostyAd8581,,/u/FrostyAd8581 on Swiggy instamart Delivery,50 rides per day possible in 12 hours will everybody get those 50 order per day ?,17,,,,r/swiggy,,,,https://www.reddit.com/r/swiggy/comments/1pbw2yk/swiggy_instamart_delivery/omlytxj/
IM-000213,reddit,OptimalTalk388,,Swiggy Instamart will fraud his partner,"I was working as delivery partner in Instamart. What i noticed Instamart will announce fake surge bonus, max bonus. If bonus is more earning delivery will be less. If bonus is low earning delivery will be high. Moreover payment will be same in bonus or surge. They just make fake announcement bonus, two screenshots attached. &#32; submitted by &#32; /u/OptimalTalk388 [link] &#32; [comments]",63,,,,r/swiggy,,,,https://www.reddit.com/r/swiggy/comments/1rnvm99/swiggy_instamart_will_fraud_his_partner/
IM-000214,reddit,AutoModerator,,/u/AutoModerator on Swiggy Instamart will fraud his partner,"Thank you for your post, u/OptimalTalk388! It is currently under review and will be public after quality check. You can help in the process. We are looking for moderators. If you hang in this sub a lot and feel a sense of community here; maybe you would like to be a mod? If your account is more than 6 months old, please fill this form. Swiggy employees and associates are not eligible to apply. I am a bot, and this action was performed automatically. Please contact the moderators of this subreddit if you have any questions or concerns.",98,,,,r/swiggy,,,,https://www.reddit.com/r/swiggy/comments/1rnvm99/swiggy_instamart_will_fraud_his_partner/o99l2pf/
IM-000215,reddit,masalacandy,,/u/masalacandy on Swiggy Instamart will fraud his partner,50 rs per delivery is good this is better than blinkit college students can earn decent as part time by doing 10-15 delivering in evening or night in bengalore many guys are already doing it part-time only problem will be for those who do it full time or if company pay lesser per delivery 💀💀💀,55,,,,r/swiggy,,,,https://www.reddit.com/r/swiggy/comments/1rnvm99/swiggy_instamart_will_fraud_his_partner/o9axegg/
IM-000216,reddit,Complex_Marketing_10,,/u/Complex_Marketing_10 on Swiggy Instamart will fraud his partner,Looting both From customers and riders,6,,,,r/swiggy,,,,https://www.reddit.com/r/swiggy/comments/1rnvm99/swiggy_instamart_will_fraud_his_partner/o9aw0mi/
IM-000217,reddit,oppositeelectrons,,/u/oppositeelectrons on Swiggy Instamart will fraud his partner,6-7 times?😭,2,,,,r/swiggy,,,,https://www.reddit.com/r/swiggy/comments/1rnvm99/swiggy_instamart_will_fraud_his_partner/o9b3s33/
IM-000218,reddit,sexyyscientist,,/u/sexyyscientist on Swiggy Instamart will fraud his partner,I curse max to people who order flour bags and water cans. 🙃,13,,,,r/swiggy,,,,https://www.reddit.com/r/swiggy/comments/1rnvm99/swiggy_instamart_will_fraud_his_partner/o9fn3dc/
IM-000219,reddit,swiggy-ModTeam,,/u/swiggy-ModTeam on Swiggy Instamart will fraud his partner,This comment uses explicit language and is disrespectful to the fellow redditers.,12,,,,r/swiggy,,,,https://www.reddit.com/r/swiggy/comments/1rnvm99/swiggy_instamart_will_fraud_his_partner/o9igqr1/
IM-000220,reddit,chubbypetals,,/u/chubbypetals on Swiggy Instamart will fraud his partner,In bkl k liye rules nhi banaye h na govt ne isliye bkchdi se baaz nhi aa rhe,18,,,,r/swiggy,,,,https://www.reddit.com/r/swiggy/comments/1rnvm99/swiggy_instamart_will_fraud_his_partner/o9cd4v6/
IM-000221,reddit,Local_Brilliant6612,,/u/Local_Brilliant6612 on Swiggy Instamart will fraud his partner,It depends on the items that they are delivering not the km or weight,14,,,,r/swiggy,,,,https://www.reddit.com/r/swiggy/comments/1rnvm99/swiggy_instamart_will_fraud_his_partner/o9bv9uh/
IM-000222,reddit,Shubh170221,,Kolkata: Swiggy Instamart delivery partner gave religious books with my order,"Last night in Kolkata, I ordered Maggi and eggs from Swiggy Instamart. Along with my order, the delivery partner handed me books titled “Why Islam” and some other religious material. I did not ask for any such content, and this made me uncomfortable. A food delivery service should stay neutral and professional. Using customer orders to distribute religious material feels inappropriate. Has anyone else faced something like this? Is this allowed under Swiggy’s delivery policies? I’ve reported it to Swiggy support. &#32; submitted by &#32; /u/Shubh170221 [link] &#32; [comments]",89,,,,r/swiggy,,,,https://www.reddit.com/r/swiggy/comments/1qduqx9/kolkata_swiggy_instamart_delivery_partner_gave/
IM-000223,reddit,AutoModerator,,/u/AutoModerator on Kolkata: Swiggy Instamart delivery partner gave religious books with my order,"Thank you for your post, u/Shubh170221! It is currently under review and will be public after quality check. You can help in the process. We are looking for moderators. If you hang in this sub a lot and feel a sense of community here; maybe you would like to be a mod? If your account is more than 6 months old, please fill this form. Swiggy employees and associates are not eligible to apply. I am a bot, and this action was performed automatically. Please contact the moderators of this subreddit if you have any questions or concerns.",98,,,,r/swiggy,,,,https://www.reddit.com/r/swiggy/comments/1qduqx9/kolkata_swiggy_instamart_delivery_partner_gave/nzskirj/
IM-000224,reddit,EducationalPepper310,,/u/EducationalPepper310 on Kolkata: Swiggy Instamart delivery partner gave religious books with my order,This is gonna get viral and it&#39;s gonna be on the news 😂😂😂,13,,,,r/swiggy,,,,https://www.reddit.com/r/swiggy/comments/1qduqx9/kolkata_swiggy_instamart_delivery_partner_gave/nzvearf/
IM-000225,reddit,Rezzolives98,,/u/Rezzolives98 on Kolkata: Swiggy Instamart delivery partner gave religious books with my order,Post in X with delivery person details and pics,9,,,,r/swiggy,,,,https://www.reddit.com/r/swiggy/comments/1qduqx9/kolkata_swiggy_instamart_delivery_partner_gave/nzutx72/
IM-000226,reddit,Shubh170221,,/u/Shubh170221 on Kolkata: Swiggy Instamart delivery partner gave religious books with my order,"I want to check the delivery partner details, but they are not visible after I gave a 1-star rating. From where can I access that information?",26,,,,r/swiggy,,,,https://www.reddit.com/r/swiggy/comments/1qduqx9/kolkata_swiggy_instamart_delivery_partner_gave/nzvi8wj/
IM-000227,reddit,lost_beluga,,/u/lost_beluga on Kolkata: Swiggy Instamart delivery partner gave religious books with my order,https://preview.redd.it/92yubj9b3odg1.png?width=1080&amp;format=png&amp;auto=webp&amp;s=33c9c0e185fa0abe2d62997c4a6a1aafd12ffbcf You can go to history and click on the recent one.,12,,,,r/swiggy,,,,https://www.reddit.com/r/swiggy/comments/1qduqx9/kolkata_swiggy_instamart_delivery_partner_gave/nzvuexf/
IM-000228,reddit,anonymous_cat_0,,/u/anonymous_cat_0 on Kolkata: Swiggy Instamart delivery partner gave religious books with my order,Swiggy people should be able to find that with ur orderid,11,,,,r/swiggy,,,,https://www.reddit.com/r/swiggy/comments/1qduqx9/kolkata_swiggy_instamart_delivery_partner_gave/nzvtj8l/
IM-000229,reddit,higheaded_blackhole,,/u/higheaded_blackhole on Kolkata: Swiggy Instamart delivery partner gave religious books with my order,👌😆😆🤣🤣😂😂😂😂,1,,,,r/swiggy,,,,https://www.reddit.com/r/swiggy/comments/1qduqx9/kolkata_swiggy_instamart_delivery_partner_gave/nzv2eq0/
IM-000230,reddit,jackass93269,,/u/jackass93269 on Kolkata: Swiggy Instamart delivery partner gave religious books with my order,Probably added by delivery executive. Raise a complaint if it made you feel uncomfortable.,14,,,,r/swiggy,,,,https://www.reddit.com/r/swiggy/comments/1qduqx9/kolkata_swiggy_instamart_delivery_partner_gave/nzve53l/
IM-000231,reddit,MIKU-SIMPSS,,/u/MIKU-SIMPSS on Kolkata: Swiggy Instamart delivery partner gave religious books with my order,Wtf this is so wrong ..,6,,,,r/swiggy,,,,https://www.reddit.com/r/swiggy/comments/1qduqx9/kolkata_swiggy_instamart_delivery_partner_gave/nzuz7qu/
IM-000232,reddit,Ambitious-Upstairs90,,/u/Ambitious-Upstairs90 on Kolkata: Swiggy Instamart delivery partner gave religious books with my order,Share screenshots as evidence (hide information partially to avoid breaching rules). Definitely not the right approach.,16,,,,r/swiggy,,,,https://www.reddit.com/r/swiggy/comments/1qduqx9/kolkata_swiggy_instamart_delivery_partner_gave/nzvrcxm/
IM-000233,reddit,fightwallah,,/u/fightwallah on Kolkata: Swiggy Instamart delivery partner gave religious books with my order,Wtf.... Did you complain?,4,,,,r/swiggy,,,,https://www.reddit.com/r/swiggy/comments/1qduqx9/kolkata_swiggy_instamart_delivery_partner_gave/nzvgi8r/
IM-000234,reddit,pandu890,,/u/pandu890 on Kolkata: Swiggy Instamart delivery partner gave religious books with my order,"Post on x , tag swiggy",6,,,,r/swiggy,,,,https://www.reddit.com/r/swiggy/comments/1qduqx9/kolkata_swiggy_instamart_delivery_partner_gave/nzux3gf/
IM-000235,reddit,Deepesh_Ramnani,,/u/Deepesh_Ramnani on Kolkata: Swiggy Instamart delivery partner gave religious books with my order,Free toilet paper!,3,,,,r/swiggy,,,,https://www.reddit.com/r/swiggy/comments/1qduqx9/kolkata_swiggy_instamart_delivery_partner_gave/nzv6pwi/
IM-000236,reddit,akshat207,,"Built a free app to compare real-time cab fares (Uber, Ola, Rapido, Namma Yatri) and groceries (Blinkit, Zepto, Instamart) - all in one place","I originally built Comparify to compare prices and delivery times between Blinkit, Zepto, and Instamart, mainly because I was tired of overpaying for everyday groceries. Just added a new feature that might be even more useful: You can now compare real-time cab fares across Uber, Ola, Rapido, and Namma Yatri, showing your actual account prices including any offers. No more switching between apps. Comparify shows all fares in one place, and you can tap to book - it deep-links to the selected app with pickup &amp; drop pre-filled. Why does it ask you to log in? All these services show account-specific prices, which depend on: your location any active offers/coupons wallet credits surge pricing To show accurate prices, Comparify logs you into each service on your device only. Login sessions are securely stored locally on your device and used only to fetch prices. Tech Stack: Frontend: Expo (React Native) Styling: NativeWind (TailwindCSS for React Native) Backend/API layer: Cloudflare Workers Analytics: PostHog Would love to hear your feedback! Play Store Website for iOS users &#32; submitted by &#32; /u/akshat207 [link] &#32; [comments]",181,,,,r/developersIndia,,,,https://www.reddit.com/r/developersIndia/comments/1miviea/built_a_free_app_to_compare_realtime_cab_fares/
IM-000237,reddit,coolsid_5,,"/u/coolsid_5 on Built a free app to compare real-time cab fares (Uber, Ola, Rapido, Namma Yatri) and groceries (Blinkit, Zepto, Instamart) - all in one place",How are you getting the data? Are those API free ? Can we use those api for commercial purposes?,19,,,,r/developersIndia,,,,https://www.reddit.com/r/developersIndia/comments/1miviea/built_a_free_app_to_compare_realtime_cab_fares/n76xg1t/
IM-000238,reddit,clutch-cream-run,,"/u/clutch-cream-run on Built a free app to compare real-time cab fares (Uber, Ola, Rapido, Namma Yatri) and groceries (Blinkit, Zepto, Instamart) - all in one place",You mean frontend automation? Or did you somehow extract the APIs being called by the apps themselves?,17,,,,r/developersIndia,,,,https://www.reddit.com/r/developersIndia/comments/1miviea/built_a_free_app_to_compare_realtime_cab_fares/n76yd84/
IM-000239,reddit,vgodara,,"/u/vgodara on Built a free app to compare real-time cab fares (Uber, Ola, Rapido, Namma Yatri) and groceries (Blinkit, Zepto, Instamart) - all in one place",It&#39;s very easy to get api. Just use http inspector. You can see all the api call.,17,,,,r/developersIndia,,,,https://www.reddit.com/r/developersIndia/comments/1miviea/built_a_free_app_to_compare_realtime_cab_fares/n77547j/
IM-000240,reddit,Warlock2111,,"/u/Warlock2111 on Built a free app to compare real-time cab fares (Uber, Ola, Rapido, Namma Yatri) and groceries (Blinkit, Zepto, Instamart) - all in one place",You do realise the apis are protected via cookies or access token? He can’t just use it like a static access token (since it’s burned after a threshold and you have to login again).,34,,,,r/developersIndia,,,,https://www.reddit.com/r/developersIndia/comments/1miviea/built_a_free_app_to_compare_realtime_cab_fares/n7771ld/
IM-000241,reddit,ummhmm-x,,"/u/ummhmm-x on Built a free app to compare real-time cab fares (Uber, Ola, Rapido, Namma Yatri) and groceries (Blinkit, Zepto, Instamart) - all in one place",You can just rotate accounts bro. Logging in and saving an access or JWT ain&#39;t that hard. You could have 10 session keys with a counter that adds 1 everytime a request is made using it. With every request you use the session with lowest number of count.,48,,,,r/developersIndia,,,,https://www.reddit.com/r/developersIndia/comments/1miviea/built_a_free_app_to_compare_realtime_cab_fares/n77k6ba/
IM-000242,reddit,TheExclusiveNig,,"/u/TheExclusiveNig on Built a free app to compare real-time cab fares (Uber, Ola, Rapido, Namma Yatri) and groceries (Blinkit, Zepto, Instamart) - all in one place",How does a solution like that scale?,7,,,,r/developersIndia,,,,https://www.reddit.com/r/developersIndia/comments/1miviea/built_a_free_app_to_compare_realtime_cab_fares/n77m62v/
IM-000243,reddit,irrregularHeartbeat,,"/u/irrregularHeartbeat on Built a free app to compare real-time cab fares (Uber, Ola, Rapido, Namma Yatri) and groceries (Blinkit, Zepto, Instamart) - all in one place",It doesn&#39;t. Your app will break anytime they change their api or rate limit your account.,16,,,,r/developersIndia,,,,https://www.reddit.com/r/developersIndia/comments/1miviea/built_a_free_app_to_compare_realtime_cab_fares/n77yik8/
IM-000244,reddit,vincent-vega10,,"/u/vincent-vega10 on Built a free app to compare real-time cab fares (Uber, Ola, Rapido, Namma Yatri) and groceries (Blinkit, Zepto, Instamart) - all in one place","10 session keys will need 10 different accounts. I don&#39;t think any service will offer 10 different sessions to exist simultaneously for one user. Only solution is that, the API must be public and you can rotate IPs and device user-agents (and do many more things at scale)",48,,,,r/developersIndia,,,,https://www.reddit.com/r/developersIndia/comments/1miviea/built_a_free_app_to_compare_realtime_cab_fares/n792bk0/
IM-000245,reddit,gokul1630,,"/u/gokul1630 on Built a free app to compare real-time cab fares (Uber, Ola, Rapido, Namma Yatri) and groceries (Blinkit, Zepto, Instamart) - all in one place","If the app uses SSL Pinning, then it&#39;s hard to track the network requests.",14,,,,r/developersIndia,,,,https://www.reddit.com/r/developersIndia/comments/1miviea/built_a_free_app_to_compare_realtime_cab_fares/n78vgev/
IM-000246,reddit,kamikazechaser,,"/u/kamikazechaser on Built a free app to compare real-time cab fares (Uber, Ola, Rapido, Namma Yatri) and groceries (Blinkit, Zepto, Instamart) - all in one place",It is very easy to bypass ssl pinning especially on rooted phones.,12,,,,r/developersIndia,,,,https://www.reddit.com/r/developersIndia/comments/1miviea/built_a_free_app_to_compare_realtime_cab_fares/n797k81/
IM-000247,reddit,Significant_Show_237,,"/u/Significant_Show_237 on Built a free app to compare real-time cab fares (Uber, Ola, Rapido, Namma Yatri) and groceries (Blinkit, Zepto, Instamart) - all in one place",Exactly The APIs aren&#39;t available to do comparison Can some engineer reverse engineer this application,15,,,,r/developersIndia,,,,https://www.reddit.com/r/developersIndia/comments/1miviea/built_a_free_app_to_compare_realtime_cab_fares/n7c409y/
IM-000248,reddit,2SleepyToThinkOf1,,"/u/2SleepyToThinkOf1 on Built a free app to compare real-time cab fares (Uber, Ola, Rapido, Namma Yatri) and groceries (Blinkit, Zepto, Instamart) - all in one place",Boo hoo the millionaires won&#39;t starve,6,,,,r/developersIndia,,,,https://www.reddit.com/r/developersIndia/comments/1miviea/built_a_free_app_to_compare_realtime_cab_fares/n77ovqr/
IM-000249,reddit,akshat207,,"I made an app to compare prices between Blinkit, Instamart, and Zepto! E-commerce","Hey everyone, You know that little dance you do before ordering groceries? You open Blinkit, add your stuff. Then comes that nagging thought... “Is this cheaper on Zepto? Or who can deliver faster?” So you switch apps, search again, compare delivery times. Then maybe check Instamart too - just to be sure. It’s a whole routine. I got tired of doing this every time, so I built Comparify. It’s a simple app that lets you see real-time prices and delivery times for the same products across Blinkit, Instamart, and Zepto - all in one place. Here’s what it does: 🕒 Live delivery times: Instantly see which store can deliver fastest in your area — before you even start browsing. 💸 Price comparison: Search for any item and see the current price across all three platforms side by side. 🧠 Smart matching: It recognizes that &quot;Amul Butter&quot; on one app is the same as &quot;Salted Butter&quot; on another, and even calculates the price per gram/ml — so you know what’s actually a better deal. 🛒 Compare your full cart: Add all your items and instantly see the total bill on each platform. The savings can surprise you. 📲 Tap to buy: Found the best deal? Tap the item and go straight to it in the original app — no extra searching. This is something I made for myself, but I think it could help a lot of us save both time and money. Would love for you to try it out and share your feedback - anything from bugs to suggestions, or just your honest thoughts. Play Store Website Thanks for reading! &#32; submitted by &#32; /u/akshat207 [link] &#32; [comments]",279,,,,r/bangalore,,,,https://www.reddit.com/r/bangalore/comments/1m6z71q/i_made_an_app_to_compare_prices_between_blinkit/
IM-000250,reddit,persThepers,,"/u/persThepers on I made an app to compare prices between Blinkit, Instamart, and Zepto! E-commerce",Ooooo it’s like sky scanner but for delivery apps. Nice one OP. Will share feedback. 🍀,16,,,,r/bangalore,,,,https://www.reddit.com/r/bangalore/comments/1m6z71q/i_made_an_app_to_compare_prices_between_blinkit/n4njwru/
IM-000251,reddit,vgupta1192,,"/u/vgupta1192 on I made an app to compare prices between Blinkit, Instamart, and Zepto! E-commerce",Quickcompare app is already there for this but nicee...we need competition in market,13,,,,r/bangalore,,,,https://www.reddit.com/r/bangalore/comments/1m6z71q/i_made_an_app_to_compare_prices_between_blinkit/n4o4nj0/
IM-000252,reddit,[deleted],,"/u/[deleted] on I made an app to compare prices between Blinkit, Instamart, and Zepto! E-commerce","Really great work dude. The app is quite useful and ui is pretty minimal (exactly what you would want), it just focuses on the basics and does it correctly. It&#39;s a little buggy. For ex- for my area it shows that Instamart is not serviceable for any product I search (although Instamart is serviceable). But ik these can be fixed. Can you tell me what tech stack you used for this (For the mobile version), i.e did you use React Native or Flutter, and also how are you comparing the prices between Instamart/Zepto/Blinkit. Would love to hear your insights",99,,,,r/bangalore,,,,https://www.reddit.com/r/bangalore/comments/1m6z71q/i_made_an_app_to_compare_prices_between_blinkit/n4nkatd/
IM-000253,reddit,akshat207,,"/u/akshat207 on I made an app to compare prices between Blinkit, Instamart, and Zepto! E-commerce","I used Expo for the app, there&#39;s a complex algorithm doing the comparing",13,,,,r/bangalore,,,,https://www.reddit.com/r/bangalore/comments/1m6z71q/i_made_an_app_to_compare_prices_between_blinkit/n4ryhpe/
IM-000254,reddit,Global_Trip_6353,,"/u/Global_Trip_6353 on I made an app to compare prices between Blinkit, Instamart, and Zepto! E-commerce",How did you get access to catalogue APIs?,8,,,,r/bangalore,,,,https://www.reddit.com/r/bangalore/comments/1m6z71q/i_made_an_app_to_compare_prices_between_blinkit/n57ldqr/
IM-000255,reddit,Ezaz_Ahammed,,"/u/Ezaz_Ahammed on I made an app to compare prices between Blinkit, Instamart, and Zepto! E-commerce",Some user on reddit created a similar app https://play.google.com/store/apps/details?id=com.quickcompare.app,9,,,,r/bangalore,,,,https://www.reddit.com/r/bangalore/comments/1m6z71q/i_made_an_app_to_compare_prices_between_blinkit/n4nrlrx/
IM-000256,reddit,shank9717,,"/u/shank9717 on I made an app to compare prices between Blinkit, Instamart, and Zepto! E-commerce",I&#39;ve seen 3 other apps that do the same thing,10,,,,r/bangalore,,,,https://www.reddit.com/r/bangalore/comments/1m6z71q/i_made_an_app_to_compare_prices_between_blinkit/n4ow98o/
IM-000257,reddit,ironically_man,,"/u/ironically_man on I made an app to compare prices between Blinkit, Instamart, and Zepto! E-commerce","Bookmarking the website. Are you planning to add platforms like amazon now, flipkart minutes and jiomart?",16,,,,r/bangalore,,,,https://www.reddit.com/r/bangalore/comments/1m6z71q/i_made_an_app_to_compare_prices_between_blinkit/n4s838y/
IM-000258,reddit,Fit_Atmosphere_7767,,"/u/Fit_Atmosphere_7767 on I made an app to compare prices between Blinkit, Instamart, and Zepto! E-commerce",They don&#39;t update quick compare anymore.,6,,,,r/bangalore,,,,https://www.reddit.com/r/bangalore/comments/1m6z71q/i_made_an_app_to_compare_prices_between_blinkit/np4941j/
IM-000259,reddit,Mundane_Exchange6910,,"/u/Mundane_Exchange6910 on I made an app to compare prices between Blinkit, Instamart, and Zepto! E-commerce",Add bigbasket also to compare,5,,,,r/bangalore,,,,https://www.reddit.com/r/bangalore/comments/1m6z71q/i_made_an_app_to_compare_prices_between_blinkit/n4nlw3c/
IM-000260,reddit,DebSon96,,"/u/DebSon96 on I made an app to compare prices between Blinkit, Instamart, and Zepto! E-commerce","Just curious to know if u have handled it in a way that solves this. Lets say an item x is 100 inr, y is 200 inr, z is 300 inr. When combined in a cart blinkit and instamart would come to similar of 600~650 inr(including delivery) zepto would come to some bizzare number owing to their insane dark patterns, sometimes it might be 900 sometimes it might even be 400 And the final price would also depend on if i have any subscription(like daily) any free cash etc etc. So while comparing ideally we should compare the final price to be paid. Do u do so in ur processing(coz that would be complex) or do u do an itemized price comparison. As per my experience itemised price comparison almost never reflects the final price to be paid. All the apps especially zepto optimises its listing to show they have the cheapest listing but the picture changes in the final cart value.",162,,,,r/bangalore,,,,https://www.reddit.com/r/bangalore/comments/1m6z71q/i_made_an_app_to_compare_prices_between_blinkit/n4ns94a/
IM-000261,reddit,noobita_1,,"/u/noobita_1 on I made an app to compare prices between Blinkit, Instamart, and Zepto! E-commerce","Curious, how does this work in the backend? I tried to do something similar but didn’t find blinkit/zepto apis which gave price information.",23,,,,r/bangalore,,,,https://www.reddit.com/r/bangalore/comments/1m6z71q/i_made_an_app_to_compare_prices_between_blinkit/n4nm0uk/
IM-000262,reddit,onemandal,,"/u/onemandal on I made an app to compare prices between Blinkit, Instamart, and Zepto! E-commerce",You&#39;ll have to scrape the data,6,,,,r/bangalore,,,,https://www.reddit.com/r/bangalore/comments/1m6z71q/i_made_an_app_to_compare_prices_between_blinkit/n4w6m32/
IM-000263,reddit,raagSlayer,,"/u/raagSlayer on I made an app to compare prices between Blinkit, Instamart, and Zepto! E-commerce",Nice one. But it always shows Instamart as not serviceable.,10,,,,r/bangalore,,,,https://www.reddit.com/r/bangalore/comments/1m6z71q/i_made_an_app_to_compare_prices_between_blinkit/n4nkp2y/
IM-000264,reddit,wavereddit,,"/u/wavereddit on I made an app to compare prices between Blinkit, Instamart, and Zepto! E-commerce","There is another similar app, it&#39;s called delulu is the only solulu .. I am not kidding the app maker gave that name to his app.",26,,,,r/bangalore,,,,https://www.reddit.com/r/bangalore/comments/1m6z71q/i_made_an_app_to_compare_prices_between_blinkit/n4nmb5t/
IM-000265,reddit,bluebutterfly95,,"/u/bluebutterfly95 on I made an app to compare prices between Blinkit, Instamart, and Zepto! E-commerce",Omg 😂😂🤣🤣🤣🤣🤣,2,,,,r/bangalore,,,,https://www.reddit.com/r/bangalore/comments/1m6z71q/i_made_an_app_to_compare_prices_between_blinkit/n4o85or/
IM-000266,reddit,Historical_Echo_3529,,"/u/Historical_Echo_3529 on I made an app to compare prices between Blinkit, Instamart, and Zepto! E-commerce","This is awesome, OP! Absolutely loved using it",8,,,,r/bangalore,,,,https://www.reddit.com/r/bangalore/comments/1m6z71q/i_made_an_app_to_compare_prices_between_blinkit/n4nl75z/
IM-000267,reddit,One-Reward-7181,,"/u/One-Reward-7181 on I made an app to compare prices between Blinkit, Instamart, and Zepto! E-commerce",Oh not present on App Store,6,,,,r/bangalore,,,,https://www.reddit.com/r/bangalore/comments/1m6z71q/i_made_an_app_to_compare_prices_between_blinkit/n4nq4y0/
IM-000268,reddit,akshat207,,"Made my first Expo app: Compare prices between Instamart, Zepto and Blinkit!","Hey everyone, You know that little dance you do before ordering groceries? You open Blinkit, add your stuff. Then comes that nagging thought... “Is this cheaper on Zepto? Or who can deliver faster?” So you switch apps, search again, compare delivery times. Then maybe check Instamart too - just to be sure. It’s a whole routine. I got tired of doing this every time, so I built Comparify. It’s a simple app that lets you see real-time prices and delivery times for the same products across Blinkit, Instamart, and Zepto - all in one place. Here’s what it does: Live delivery times: Instantly see which store can deliver fastest in your area — before you even start browsing. Price comparison: Search for any item and see the current price across all three platforms side by side. Smart matching: It recognizes that &quot;Amul Butter&quot; on one app is the same as &quot;Salted Butter&quot; on another, and even calculates the price per gram/ml — so you know what’s actually a better deal. Compare your full cart: Add all your items and instantly see the total bill on each platform. The savings can surprise you. Tap to buy: Found the best deal? Tap the item and go straight to it in the original app — no extra searching. This is something I made for myself, but I think it could help a lot of us save both time and money. Would love for you to try it out and share your feedback - anything from bugs to suggestions, or just your honest thoughts. Play Store Website Thanks for reading! &#32; submitted by &#32; /u/akshat207 [link] &#32; [comments]",274,,,,r/developersIndia,,,,https://www.reddit.com/r/developersIndia/comments/1m6ln1a/made_my_first_expo_app_compare_prices_between/
IM-000269,reddit,AutoModerator,,"/u/AutoModerator on Made my first Expo app: Compare prices between Instamart, Zepto and Blinkit!","Namaste! Thanks for submitting to r/developersIndia. While participating in this thread, please follow the Community Code of Conduct and rules. It&#39;s possible your query is not unique, use site:reddit.com/r/developersindia KEYWORDS on search engines to search posts from developersIndia. You can also use reddit search directly. Recent Announcements Who&#39;s looking for work? - Monthly Megathread - June 2025 Call For Volunteers: Help us build r/developersIndia I am a bot, and this action was performed automatically. Please contact the moderators of this subreddit if you have any questions or concerns.",88,,,,r/developersIndia,,,,https://www.reddit.com/r/developersIndia/comments/1m6ln1a/made_my_first_expo_app_compare_prices_between/n4kiaz2/
IM-000270,reddit,byteNinja10,,"/u/byteNinja10 on Made my first Expo app: Compare prices between Instamart, Zepto and Blinkit!",How are you getting the prices from these platforms,9,,,,r/developersIndia,,,,https://www.reddit.com/r/developersIndia/comments/1m6ln1a/made_my_first_expo_app_compare_prices_between/n4kp3q4/
IM-000271,reddit,Mysterious-Green290,,"/u/Mysterious-Green290 on Made my first Expo app: Compare prices between Instamart, Zepto and Blinkit!",Yeah. There are APIs?,4,,,,r/developersIndia,,,,https://www.reddit.com/r/developersIndia/comments/1m6ln1a/made_my_first_expo_app_compare_prices_between/n4kq40t/
IM-000272,reddit,Holiday_Grocery_9260,,"/u/Holiday_Grocery_9260 on Made my first Expo app: Compare prices between Instamart, Zepto and Blinkit!",Reverse engineer just inspect those sites u will get to know bit u need to store some keysike acess at the time of login and u can pass it in payload I think this is what he did,38,,,,r/developersIndia,,,,https://www.reddit.com/r/developersIndia/comments/1m6ln1a/made_my_first_expo_app_compare_prices_between/n4n8k64/
IM-000273,reddit,Feeling-Schedule5369,,"/u/Feeling-Schedule5369 on Made my first Expo app: Compare prices between Instamart, Zepto and Blinkit!",But even those will be rate limited at any major decent website. But I guess he doesnt have enough users to worry about causing rate limiting calling those apis,29,,,,r/developersIndia,,,,https://www.reddit.com/r/developersIndia/comments/1m6ln1a/made_my_first_expo_app_compare_prices_between/n4nj0g9/
IM-000274,reddit,Ndpythn,,"/u/Ndpythn on Made my first Expo app: Compare prices between Instamart, Zepto and Blinkit!",On website it’s not asking to login directly location and then prices are getting showed,15,,,,r/developersIndia,,,,https://www.reddit.com/r/developersIndia/comments/1m6ln1a/made_my_first_expo_app_compare_prices_between/n4u7pb1/
IM-000275,reddit,oootsav,,"/u/oootsav on Made my first Expo app: Compare prices between Instamart, Zepto and Blinkit!","O god, now that seems risky.",6,,,,r/developersIndia,,,,https://www.reddit.com/r/developersIndia/comments/1m6ln1a/made_my_first_expo_app_compare_prices_between/n4uogp6/
IM-000276,reddit,0xlostincode,,"/u/0xlostincode on Made my first Expo app: Compare prices between Instamart, Zepto and Blinkit!","Wouldn&#39;t this also mean that everything (price, time, offers etc) will be according to OPs profile and not personal to someone who is using the app?",26,,,,r/developersIndia,,,,https://www.reddit.com/r/developersIndia/comments/1m6ln1a/made_my_first_expo_app_compare_prices_between/n4r2qbf/
IM-000277,reddit,Ciphar55,,"/u/Ciphar55 on Made my first Expo app: Compare prices between Instamart, Zepto and Blinkit!","Yes this sounds illegal, I guess it will be flagged by apps even if you take consent from user",19,,,,r/developersIndia,,,,https://www.reddit.com/r/developersIndia/comments/1m6ln1a/made_my_first_expo_app_compare_prices_between/n59u7ls/
IM-000278,reddit,Old_Transition_3884,,"/u/Old_Transition_3884 on Made my first Expo app: Compare prices between Instamart, Zepto and Blinkit!",Can u tell me more about reverse engineering How can I learn,12,,,,r/developersIndia,,,,https://www.reddit.com/r/developersIndia/comments/1m6ln1a/made_my_first_expo_app_compare_prices_between/n4o641a/
IM-000279,reddit,Agile-Commercial9750,,"/u/Agile-Commercial9750 on Made my first Expo app: Compare prices between Instamart, Zepto and Blinkit!",You can learn by reverse engineering,6,,,,r/developersIndia,,,,https://www.reddit.com/r/developersIndia/comments/1m6ln1a/made_my_first_expo_app_compare_prices_between/n4ocjci/
IM-000280,reddit,True_Rope7418,,"/u/True_Rope7418 on Made my first Expo app: Compare prices between Instamart, Zepto and Blinkit!","First you&#39;ll need something that you want to create, then find something similar to it and dive deep into how it works, then you will be able to reverse engineer it and implement it in your own product",38,,,,r/developersIndia,,,,https://www.reddit.com/r/developersIndia/comments/1m6ln1a/made_my_first_expo_app_compare_prices_between/n4okvvi/
IM-000281,reddit,ummhmm-x,,"/u/ummhmm-x on Made my first Expo app: Compare prices between Instamart, Zepto and Blinkit!",And then reverse engineer it,5,,,,r/developersIndia,,,,https://www.reddit.com/r/developersIndia/comments/1m6ln1a/made_my_first_expo_app_compare_prices_between/n51qorh/
IM-000282,reddit,Enough_Honeydew26,,"/u/Enough_Honeydew26 on Made my first Expo app: Compare prices between Instamart, Zepto and Blinkit!",Probably web scraping? Just guessing,5,,,,r/developersIndia,,,,https://www.reddit.com/r/developersIndia/comments/1m6ln1a/made_my_first_expo_app_compare_prices_between/n4omsat/
IM-000283,reddit,SorryUnderstanding7,,"/u/SorryUnderstanding7 on Made my first Expo app: Compare prices between Instamart, Zepto and Blinkit!",Tight! Tight! Tight!..(tuco salamanca-breaking bad) how often are you scraping? Is it after the user search for the item or you do it on a timely basis?,27,,,,r/developersIndia,,,,https://www.reddit.com/r/developersIndia/comments/1m6ln1a/made_my_first_expo_app_compare_prices_between/n4kmusd/
IM-000284,reddit,AdTemporary2973,,"/u/AdTemporary2973 on I made an app to compare prices between Blinkit, Instamart, and Zepto!",looks solid. good going. are you based in Pune?,9,,,,r/pune,,,,https://www.reddit.com/r/pune/comments/1m7anpx/i_made_an_app_to_compare_prices_between_blinkit/n4q23ze/
IM-000285,reddit,akshat207,,"/u/akshat207 on I made an app to compare prices between Blinkit, Instamart, and Zepto!","Nope, currently in Jaipur",4,,,,r/pune,,,,https://www.reddit.com/r/pune/comments/1m7anpx/i_made_an_app_to_compare_prices_between_blinkit/n5dyfd0/
IM-000286,reddit,Top_Bonus_8574,,"/u/Top_Bonus_8574 on I made an app to compare prices between Blinkit, Instamart, and Zepto!",Do this consider extra charges applied at the time of payment?,11,,,,r/pune,,,,https://www.reddit.com/r/pune/comments/1m7anpx/i_made_an_app_to_compare_prices_between_blinkit/n4pyf7w/
IM-000287,reddit,Lonely_Jaguar_4879,,"/u/Lonely_Jaguar_4879 on I made an app to compare prices between Blinkit, Instamart, and Zepto!",Asli id se aao team zepto,6,,,,r/pune,,,,https://www.reddit.com/r/pune/comments/1m7anpx/i_made_an_app_to_compare_prices_between_blinkit/n4r11aj/
IM-000288,reddit,Skullbugzzz,,"/u/Skullbugzzz on I made an app to compare prices between Blinkit, Instamart, and Zepto!",Lmao. 🤣🤣🤣🤣,2,,,,r/pune,,,,https://www.reddit.com/r/pune/comments/1m7anpx/i_made_an_app_to_compare_prices_between_blinkit/n525x36/
IM-000289,reddit,Riteish,,"/u/Riteish on I made an app to compare prices between Blinkit, Instamart, and Zepto!","Please make an iOS version if possible. Also people in comments have asked legit questions, I would like to know more about it. Super interesting! I don’t think there is any such app. Nice work man!",36,,,,r/pune,,,,https://www.reddit.com/r/pune/comments/1m7anpx/i_made_an_app_to_compare_prices_between_blinkit/n4qd9et/
IM-000290,reddit,HotDog984,,"/u/HotDog984 on I made an app to compare prices between Blinkit, Instamart, and Zepto!","How are you getting swiggy,zepto and blinkit data? Have you purchased license for using there api?? Also what&#39;s the tech stack of web application?",24,,,,r/pune,,,,https://www.reddit.com/r/pune/comments/1m7anpx/i_made_an_app_to_compare_prices_between_blinkit/n4q8psg/
IM-000291,reddit,BRIJEDIT,,"/u/BRIJEDIT on I made an app to compare prices between Blinkit, Instamart, and Zepto!","Appreciate the effort, I&#39;m too interested to know this OP Also it would be great if you include flipkart minutes and big basket!",23,,,,r/pune,,,,https://www.reddit.com/r/pune/comments/1m7anpx/i_made_an_app_to_compare_prices_between_blinkit/n4qk3dr/
IM-000292,reddit,kesaris143,,"/u/kesaris143 on I made an app to compare prices between Blinkit, Instamart, and Zepto!","I use Dealulu, same but different ui",7,,,,r/pune,,,,https://www.reddit.com/r/pune/comments/1m7anpx/i_made_an_app_to_compare_prices_between_blinkit/n4qd76f/
IM-000293,reddit,edigathegi,,"/u/edigathegi on I made an app to compare prices between Blinkit, Instamart, and Zepto!",How is Dealulu? It works well?,6,,,,r/pune,,,,https://www.reddit.com/r/pune/comments/1m7anpx/i_made_an_app_to_compare_prices_between_blinkit/n4rexf2/
IM-000294,reddit,TA-10101,,"/u/TA-10101 on I made an app to compare prices between Blinkit, Instamart, and Zepto!","Does it consider any additional apps amongst jiomart, bb, &amp; flipkart as well?",13,,,,r/pune,,,,https://www.reddit.com/r/pune/comments/1m7anpx/i_made_an_app_to_compare_prices_between_blinkit/n52zmyw/
IM-000295,reddit,MyFinanceExpert,,"/u/MyFinanceExpert on I made an app to compare prices between Blinkit, Instamart, and Zepto!",Obviously.. incorrect labelling is not the issue he’s trying to address.,11,,,,r/pune,,,,https://www.reddit.com/r/pune/comments/1m7anpx/i_made_an_app_to_compare_prices_between_blinkit/n4ugmaw/
IM-000296,reddit,AnonymousGossiper0,,"Is HSBC Live+ worth it? Low dining, groceries mainly on Swiggy Instamart/Flipkart Minutes (7-10K RuPay spend)","Hey r/CreditCardsIndia, My current lineup: SBI Cashback (heavy use for Netmeds + LIC and EB using Amazon pay balance)(1000 per year) Airtel Axis (planning to close soon - Do they make it LTF or refund the annual pay? ) (500 per year) Amazon Pay ICICI (LTF) HDFC Swiggy (LTF) ICICI Coral RuPay (LTF) Spend pattern: Groceries mostly via Swiggy Instamart or Flipkart Minutes Decent Online shopping Dining is low Utilities (will need an alternative after dropping Airtel Axis) 7-10K monthly on RuPay (UPI + offline) I&#39;m considering HSBC Live+ for the 10% on groceries/food delivery + future utilities/shopping benefits. But with groceries limited to Instamart/Minutes (and low dining), will I actually hit good value or is the ₹999 fee not worth it? Also, recommendations for a solid RuPay card to better utilize my 7-10K monthly RuPay spends (better than ICICI Coral if possible). Would love honest feedback - should I go for HSBC Live+ or skip and optimize current cards? Thanks in advance! &#32; submitted by &#32; /u/AnonymousGossiper0 [link] &#32; [comments]",171,,,,r/CreditCardsIndia,,,,https://www.reddit.com/r/CreditCardsIndia/comments/1uxsibo/is_hsbc_live_worth_it_low_dining_groceries_mainly/
IM-000297,reddit,moneyminded101,,"/u/moneyminded101 on Is HSBC Live+ worth it? Low dining, groceries mainly on Swiggy Instamart/Flipkart Minutes (7-10K RuPay spend)","Looking at your spend pattern i don&#39;t think hsbc live+ is an obvious yes. The card is great if you actually maximise the cashback categories, esp dining and eligible food and grocery spends but if most of your grocery spends are through platforms where cashback eligibility can be tricky, calculate the actual monthly benefit before paying the ₹999 fee. Since you already have sbi cashback, amazon pay icic, and hdfc swiggy, your online spending is fairly well covered. First optimise what you already have and see where you are losing cashback. For rupay it depends on your upi usage. If you are doing ₹7 to 10k monthly look for a card where the rewards and cashback justify the annual fee. Don&#39;t get one just because it&#39;s rupay. A simple calculation of yearly spends vs rewards will tell you if it&#39;s actually better than coral.",144,,,,r/CreditCardsIndia,,,,https://www.reddit.com/r/CreditCardsIndia/comments/1uxsibo/is_hsbc_live_worth_it_low_dining_groceries_mainly/oxu81uc/
IM-000298,reddit,ExistingLawyer58,,"/u/ExistingLawyer58 on Is HSBC Live+ worth it? Low dining, groceries mainly on Swiggy Instamart/Flipkart Minutes (7-10K RuPay spend)","There is a change in HSBC Live+ from 26 July 2026, they have added shopping and utilities to 10% category and increased that cashback limit from 1000 to 1200",29,,,,r/CreditCardsIndia,,,,https://www.reddit.com/r/CreditCardsIndia/comments/1uxsibo/is_hsbc_live_worth_it_low_dining_groceries_mainly/oxucm3z/
IM-000299,reddit,Ready-Money3534,,"/u/Ready-Money3534 on Is HSBC Live+ worth it? Low dining, groceries mainly on Swiggy Instamart/Flipkart Minutes (7-10K RuPay spend)",Is your HdFc swiggy LTF? If yes go for HSBC else there is not much use case since you do online shopping mainly,23,,,,r/CreditCardsIndia,,,,https://www.reddit.com/r/CreditCardsIndia/comments/1uxsibo/is_hsbc_live_worth_it_low_dining_groceries_mainly/oxtreht/
IM-000300,reddit,AnonymousGossiper0,,"/u/AnonymousGossiper0 on Is HSBC Live+ worth it? Low dining, groceries mainly on Swiggy Instamart/Flipkart Minutes (7-10K RuPay spend)",Yes HDFC Swiggy is LTF. Hsbc utilities payment can help?,10,,,,r/CreditCardsIndia,,,,https://www.reddit.com/r/CreditCardsIndia/comments/1uxsibo/is_hsbc_live_worth_it_low_dining_groceries_mainly/oxtt5ca/
IM-000301,reddit,Extension-City-9515,,Government Takes Action: 10-Minute Delivery Claims Officially Stopped,"So quick update: The government has officially told quick-commerce companies like Blinkit, Zepto, and Swiggy Instamart to stop using “10-minute delivery” as a promotional claim. Why this happened: Delivery riders were being indirectly pushed to rush in traffic, take risks, and skip proper breaks — all to meet unrealistic marketing deadlines. Let’s be honest. Nobody’s life depends on getting groceries in 10 minutes. 20–30 minutes is still fast AF. This instant-delivery culture was more hype than real necessity. What’s interesting is that companies are now saying they’ll continue fast delivery but without fixed promises. Sounds good on paper… but the real question is whether pressure on riders will actually reduce in real life. IMO this move was overdue. Speed is fine, but not at the cost of someone’s safety. What do you think? Would you choose slightly slower delivery if it means safer working conditions for riders? &#32; submitted by &#32; /u/Extension-City-9515 [link] &#32; [comments]",155,,,,r/ahmedabad,,,,https://www.reddit.com/r/ahmedabad/comments/1qiyu7p/government_takes_action_10minute_delivery_claims/
IM-000302,reddit,Brilliant-Sir-8472,,/u/Brilliant-Sir-8472 on Government Takes Action: 10-Minute Delivery Claims Officially Stopped,Yes. Wage was the problem. Fixed minimum wages and compensation should have been added in law to stop this nonsense,20,,,,r/ahmedabad,,,,https://www.reddit.com/r/ahmedabad/comments/1qiyu7p/government_takes_action_10minute_delivery_claims/o11iviz/
IM-000303,reddit,Mean_sigma,,/u/Mean_sigma on Government Takes Action: 10-Minute Delivery Claims Officially Stopped,"I remember in recent time people like kunal kamra and few qtiyas started this different kind of campaigns against startups. Ola, zomato, blinkit..sab ke peeche pade hai There are some internet graduates who say blinkit zomato are not generating jobs, they are exploiting cheap labours Benchoro tum haath mein mobile, samne tv, every fcuking thing you use comes out from cheap labours who are not visible to you. Coz you just receive end products. Zomato, blinkit etc just brought these cheap labours into visibility and people are talking about them because of these apps. No delivery company forces its partners to deliver within timeline",104,,,,r/ahmedabad,,,,https://www.reddit.com/r/ahmedabad/comments/1qiyu7p/government_takes_action_10minute_delivery_claims/o0wap2m/
IM-000304,reddit,ib_aspirant,,/u/ib_aspirant on Government Takes Action: 10-Minute Delivery Claims Officially Stopped,"They never even deliver in 10mins, and if someone can&#39;t even plan an hour ahead, then they should work on their management.",22,,,,r/ahmedabad,,,,https://www.reddit.com/r/ahmedabad/comments/1qiyu7p/government_takes_action_10minute_delivery_claims/o0uvnbw/
IM-000305,reddit,Therealadityamacwan,,/u/Therealadityamacwan on Government Takes Action: 10-Minute Delivery Claims Officially Stopped,"As if they are gonna change the speeds of the delivery man, all a placebo effect where they try to whitewash their images by banning the ads but a big NO to BETTER INFRA.",34,,,,r/ahmedabad,,,,https://www.reddit.com/r/ahmedabad/comments/1qiyu7p/government_takes_action_10minute_delivery_claims/o0zeogd/
IM-000306,reddit,SlicKilled,,/u/SlicKilled on Government Takes Action: 10-Minute Delivery Claims Officially Stopped,People are insanely stupid if they think the fast delivery claims are teh cause of these accidents.,17,,,,r/ahmedabad,,,,https://www.reddit.com/r/ahmedabad/comments/1qiyu7p/government_takes_action_10minute_delivery_claims/o0v1upu/
IM-000307,reddit,Sensitive_Log_7351,,"Tick Tock, Life at Stake*: 10-Minute Delivery's Hidden Cost","10 Min Delivery: Killing the Poor and Middle Class Man As I traveled to AIIMS today by cab around 8 am, I witnessed a disturbing incident. A 45-year-old bike driver, likely a delivery person, fell off his bike while overspeeding at a turn. He was rushed to the hospital, and I couldn&#39;t help but wonder what drove him to take such a risk. When I asked him why he was driving so fast, his response shook me. He was working for a food delivery platform, and he had a 10-minute delivery window to meet. If he failed, his rating would suffer. The pressure to deliver quickly had taken precedence over his safety and well-being. This incident raises a crucial question: Do we really need stuff delivered in 10 minutes? At what cost? The life of a middle-class or poor Indian delivery person is not just a statistic; it&#39;s a human life, worthy of respect and dignity. The gig economy, fueled by apps like Swiggy and Instamart, has created a culture of instant gratification. We&#39;re willing to pay for convenience, but we&#39;re not willing to acknowledge the human cost. The delivery person, often a poor or middle-class individual, bears the brunt of our demands. Is grocery delivery in 10 minutes more important than the life of a man? Shouldn&#39;t we prioritize the safety and well-being of those who work tirelessly to bring us what we need? It&#39;s time to rethink our priorities and consider the human impact of our actions. Let&#39;s demand more from these platforms: Fair compensation: Delivery personnel should be paid fairly for their work, considering the risks they take. Realistic delivery times: Platforms should set realistic delivery times that account for traffic, road conditions, and other factors. Safety measures: Platforms should invest in safety measures, such as training programs and safety gear, to protect their delivery personnel. It&#39;s time to value the lives of those who work behind the scenes to bring us convenience. Let&#39;s make a change, starting with our attitudes towards the gig economy and the people who make it work. &#32; submitted by &#32; /u/Sensitive_Log_7351 [link] &#32; [comments]",353,,,,r/indiasocial,,,,https://www.reddit.com/r/indiasocial/comments/1kdjyfz/tick_tock_life_at_stake_10minute_deliverys_hidden/
IM-000308,reddit,serial_warmonger,,"/u/serial_warmonger on Tick Tock, Life at Stake*: 10-Minute Delivery's Hidden Cost",LinkedIn aage se left,4,,,,r/indiasocial,,,,https://www.reddit.com/r/indiasocial/comments/1kdjyfz/tick_tock_life_at_stake_10minute_deliverys_hidden/mqbldm5/
IM-000309,reddit,amit_rdx,,"/u/amit_rdx on Tick Tock, Life at Stake*: 10-Minute Delivery's Hidden Cost",Twitter aage se right,4,,,,r/indiasocial,,,,https://www.reddit.com/r/indiasocial/comments/1kdjyfz/tick_tock_life_at_stake_10minute_deliverys_hidden/mqbia6w/
IM-000310,reddit,evammist,,"/u/evammist on Tick Tock, Life at Stake*: 10-Minute Delivery's Hidden Cost",So… he was taken to the hospital and u asked him a question?,13,,,,r/indiasocial,,,,https://www.reddit.com/r/indiasocial/comments/1kdjyfz/tick_tock_life_at_stake_10minute_deliverys_hidden/mqbsuqq/
IM-000311,reddit,OutrageousMarket7376,,Review of HSBC Live+ after using it for more than an year,"I got HSBC Live plus last year and initially had to pay ₹1000 plus taxes but got the cashback after spending ₹20000 in the first month. Joining Fees paid : ₹1178 Cashback for spending 20k : ₹1000 So, it was kind of FYF.. I have used this card on 1. Food orderinf apps like swiggy, zomato 2. Almost all grocery apps (minutes, instamart, zepto and more) 3. Paid for restro bills from swiggy and Zomato 4. Paid directly to restros 5. Paid for offline groceries Got 10% cashback directly in bill payment within 2-3 days bill generation from all above Used for some offline and online spends Got 1.5% cashback there Used this card twice for free lounge access Got instant discount on hotels and flight bookings on Goibibo and MMT BOGO Movie offer also available but I haven&#39;t used it So, overall it gave me 11k cashback + 1k fee refund + 2 lounge access + 8k instant discount... in 1 year of usage... Overall, it is a must have card. I would rate this card as 9/10 Deducting 1 point because cashback is capped to 1000 only. &#32; submitted by &#32; /u/OutrageousMarket7376 [link] &#32; [comments]",197,,,,r/IndianCreditCards,,,,https://www.reddit.com/r/IndianCreditCards/comments/1rxctsc/review_of_hsbc_live_after_using_it_for_more_than/
IM-000312,reddit,Data-Trailblazer,,/u/Data-Trailblazer on Review of HSBC Live+ after using it for more than an year,How is your experience with MCC tracking? My only problem is sometimes grocery order is not tracked properly and I end up getting 1% instead of 10%.,27,,,,r/IndianCreditCards,,,,https://www.reddit.com/r/IndianCreditCards/comments/1rxctsc/review_of_hsbc_live_after_using_it_for_more_than/ob654ea/
IM-000313,reddit,OutrageousMarket7376,,/u/OutrageousMarket7376 on Review of HSBC Live+ after using it for more than an year,"I rarely noticed any lapse in cashback.. even if cahaback is missed for some purchase.. mostly it will covered somewhere else as limit is only ₹1000.. Also, I ordered hard drive from minutes once and didnt get 10% on that.",40,,,,r/IndianCreditCards,,,,https://www.reddit.com/r/IndianCreditCards/comments/1rxctsc/review_of_hsbc_live_after_using_it_for_more_than/ob66wym/
IM-000314,reddit,Fantastic_Tower_6748,,/u/Fantastic_Tower_6748 on Review of HSBC Live+ after using it for more than an year,Dis you receive cb on grocery items ordered from Minutes?,10,,,,r/IndianCreditCards,,,,https://www.reddit.com/r/IndianCreditCards/comments/1rxctsc/review_of_hsbc_live_after_using_it_for_more_than/ob693gj/
IM-000315,reddit,HotProfessional168,,/u/HotProfessional168 on Review of HSBC Live+ after using it for more than an year,"I also ordered from minutes, it’s under Flipkart and they denied it.",12,,,,r/IndianCreditCards,,,,https://www.reddit.com/r/IndianCreditCards/comments/1rxctsc/review_of_hsbc_live_after_using_it_for_more_than/obagzu4/
IM-000316,reddit,Practical_Ad_8309,,/u/Practical_Ad_8309 on Review of HSBC Live+ after using it for more than an year,Which hard did you bought tho specifically?,7,,,,r/IndianCreditCards,,,,https://www.reddit.com/r/IndianCreditCards/comments/1rxctsc/review_of_hsbc_live_after_using_it_for_more_than/owbmxoc/
IM-000317,reddit,Mountain-K-5347,,/u/Mountain-K-5347 on Review of HSBC Live+ after using it for more than an year,"Happened once with Swiggy Instamart, I started using a swiggy card for all Swiggy since then.",16,,,,r/IndianCreditCards,,,,https://www.reddit.com/r/IndianCreditCards/comments/1rxctsc/review_of_hsbc_live_after_using_it_for_more_than/ob7zsjc/
IM-000318,reddit,rkboga,,/u/rkboga on Review of HSBC Live+ after using it for more than an year,Couldn&#39;t get 10% via Instamart due to the mcc code issue... &amp; Got Only 1.5% due to departmental store mcc,20,,,,r/IndianCreditCards,,,,https://www.reddit.com/r/IndianCreditCards/comments/1rxctsc/review_of_hsbc_live_after_using_it_for_more_than/ob9b1sz/
IM-000319,reddit,socialdeadpool,,/u/socialdeadpool on Review of HSBC Live+ after using it for more than an year,"I only dispointed with my godaddy spendings not covered which is covered in kiwi and sbi cashback rather than that 9/10 for hsbc, some cheap restro even have proper mcc tracking si tier 1-2cities wont find any problem",38,,,,r/IndianCreditCards,,,,https://www.reddit.com/r/IndianCreditCards/comments/1rxctsc/review_of_hsbc_live_after_using_it_for_more_than/opqhfva/
IM-000320,reddit,Far_Accountant_1697,,/u/Far_Accountant_1697 on Review of HSBC Live+ after using it for more than an year,This 1000 cap is specifcally for category or all?,9,,,,r/IndianCreditCards,,,,https://www.reddit.com/r/IndianCreditCards/comments/1rxctsc/review_of_hsbc_live_after_using_it_for_more_than/ob6dniv/
IM-000321,reddit,Morpheus_deadpool,,/u/Morpheus_deadpool on Review of HSBC Live+ after using it for more than an year,Zepto offline amazon pay gift cards work I have heard,10,,,,r/IndianCreditCards,,,,https://www.reddit.com/r/IndianCreditCards/comments/1rxctsc/review_of_hsbc_live_after_using_it_for_more_than/ob6lv4q/
IM-000322,reddit,sriramdev,,/u/sriramdev on Review of HSBC Live+ after using it for more than an year,Whether it is that much worthy?,6,,,,r/IndianCreditCards,,,,https://www.reddit.com/r/IndianCreditCards/comments/1rxctsc/review_of_hsbc_live_after_using_it_for_more_than/ob65u8q/
IM-000323,reddit,avgredditusr2,,/u/avgredditusr2 on Review of HSBC Live+ after using it for more than an year,"Bro the ccgeeks community have really ruined people&#39;s mindset. 12-13% if you include lounge benefits? Lounge benefit is very easy to get with most debit cards and now it&#39;s so crowded that some people entirely skip lounge. Don&#39;t consider a cheap buffet in card benefits and inflate the %age returns. Tomorrow you people will start saying don&#39;t file taxes, save 30% lol.",62,,,,r/IndianCreditCards,,,,https://www.reddit.com/r/IndianCreditCards/comments/1rxctsc/review_of_hsbc_live_after_using_it_for_more_than/ob8q02s/
IM-000324,reddit,Dear_Ad_2464,,/u/Dear_Ad_2464 on Review of HSBC Live+ after using it for more than an year,woahh.. calm down.. not everyone’s earning 6fig/month. Saving 12k + lounge access is great for a card with yearly fee of 1k afaik compared to shitty cards. Please be grateful or else let people be grateful,36,,,,r/IndianCreditCards,,,,https://www.reddit.com/r/IndianCreditCards/comments/1rxctsc/review_of_hsbc_live_after_using_it_for_more_than/ob97hto/
IM-000325,reddit,TheWhisperingGhost,,Quick commerce IS cheap compared to offline shopping!,"I often see people arguing in the comments about offline vs online shopping. Being on the side of online shopping. I am here to share my tips to get the most out of online shopping for groceries at least: 1. Compare prices! If you feel like your 15-20 minutes are better spent doing something else then definitely order from the platform you are completely comfortable with but if you support offline shopping then you can definitely spend some time comparing prices. 2. Get credit cards which give you cashback on top of the overall discount! Getting 10% extra off is crazy, really helps in beating inflation lol. 3. Blinkit is useless. They are overpriced almost all the time. I have stopped comparing prices with blinkit and I only ever use it if any product is no more available on the other platforms and I urgently need it. I have stayed for a decent period of time in Mumbai, Delhi, Bangalore and Chennai. Blinkit was overpriced and had incompetent stock almost everywhere. 4. Don&#39;t underestimate Bigbasket, their interface and collection of products might be shit but they compensate well with incredible prices. Sometimes I get stuff cheapest from them even when they are levying delivery fee! Use it through the tata neu app and we will get some bonus returns. 5. Zepto is burning cash so they have incredible deals on defunct accounts. Have accounts with two number and you will often get amazing deals on the numbe not being used for a while. Also, their prices in the Super Saver section are quite mind blowing at times, use it if you have to order a lot of things. 6. Instamart has a wide range of products but prices are generally not as competitive but you should not skip out comparing prices on it. They do have some crazy offers on electronics so that&#39;s worth checking out. That&#39;s all from me, hope you have a better experience next time you use quick commerce. I have added the pic of my last crazy haul from Zepto. It was like I am shopping from late 2010s. 18 wings for 50! Mind blowing! &#32; submitted by &#32; /u/TheWhisperingGhost [link] &#32; [comments]",367,,,,r/Frugal_Ind,,,,https://www.reddit.com/r/Frugal_Ind/comments/1ilae3e/quick_commerce_is_cheap_compared_to_offline/
IM-000326,reddit,TheWhisperingGhost,,/u/TheWhisperingGhost on Quick commerce IS cheap compared to offline shopping!,"Wow, I completely missed out on the most important tip: NO VEGETABLES, get only MRP products. Anything which doesn&#39;t have a fixed price will not have a better pricing online.",30,,,,r/Frugal_Ind,,,,https://www.reddit.com/r/Frugal_Ind/comments/1ilae3e/quick_commerce_is_cheap_compared_to_offline/mbt48vd/
IM-000327,reddit,Shadow2606,,/u/Shadow2606 on Quick commerce IS cheap compared to offline shopping!,"Depends on where you live, for me fruits/vegetables on Amazon are cheaper and fresher than local shops",17,,,,r/Frugal_Ind,,,,https://www.reddit.com/r/Frugal_Ind/comments/1ilae3e/quick_commerce_is_cheap_compared_to_offline/mbw27e7/
IM-000328,reddit,Tiny-Ad-6650,,/u/Tiny-Ad-6650 on Quick commerce IS cheap compared to offline shopping!,Where do you suggest getting veggies from?,7,,,,r/Frugal_Ind,,,,https://www.reddit.com/r/Frugal_Ind/comments/1ilae3e/quick_commerce_is_cheap_compared_to_offline/mbv4l84/
IM-000329,reddit,YouObvious1385,,/u/YouObvious1385 on Quick commerce IS cheap compared to offline shopping!,Which CC are you using?,5,,,,r/Frugal_Ind,,,,https://www.reddit.com/r/Frugal_Ind/comments/1ilae3e/quick_commerce_is_cheap_compared_to_offline/mbyeimz/
IM-000330,reddit,Benzmartin,,/u/Benzmartin on Quick commerce IS cheap compared to offline shopping!,"Bro it&#39;s just a customer acquisition process, see after 5 to 7 orders everything will be over priced",18,,,,r/Frugal_Ind,,,,https://www.reddit.com/r/Frugal_Ind/comments/1ilae3e/quick_commerce_is_cheap_compared_to_offline/mbt2wkv/
IM-000331,reddit,Bosasa,,/u/Bosasa on Quick commerce IS cheap compared to offline shopping!,"I just alternate between Zomato, instamart and Blinkit so every app gets used once in 10-15 days. It scares their algorithm enough and I get a discount code every time",30,,,,r/Frugal_Ind,,,,https://www.reddit.com/r/Frugal_Ind/comments/1ilae3e/quick_commerce_is_cheap_compared_to_offline/mbt3hof/
IM-000332,reddit,ChunnuBhai,,/u/ChunnuBhai on Quick commerce IS cheap compared to offline shopping!,I have 2 numbers and my wife has 2 numbers. We order ONLY when we get free zepto Cash and evertime just enough to have minimum cart value for free delivery. Zepto keeps on giving us cash because the algo thinks we are interested in them and we just need a little push to become loyal customers. Little does it know... Blinkit is used only for selected items which is not available elsewhere. Fruits we get from local weekly market because of quality and variety. vegetables from Otipy and Vegease. Grocery from Flipkart because we have their credit card for 5% off. It has competitive prices too,107,,,,r/Frugal_Ind,,,,https://www.reddit.com/r/Frugal_Ind/comments/1ilae3e/quick_commerce_is_cheap_compared_to_offline/mc05dwp/
IM-000333,reddit,Specialist_Effort161,,/u/Specialist_Effort161 on Quick commerce IS cheap compared to offline shopping!,This is true,3,,,,r/Frugal_Ind,,,,https://www.reddit.com/r/Frugal_Ind/comments/1ilae3e/quick_commerce_is_cheap_compared_to_offline/mc1dnuw/
IM-000334,reddit,Klutzy-Film18,,/u/Klutzy-Film18 on Quick commerce IS cheap compared to offline shopping!,still cheaper than offline,4,,,,r/Frugal_Ind,,,,https://www.reddit.com/r/Frugal_Ind/comments/1ilae3e/quick_commerce_is_cheap_compared_to_offline/mbuhydw/
IM-000335,reddit,lycralily,,/u/lycralily on Quick commerce IS cheap compared to offline shopping!,Man. you do get good deals sometimes. But most of the times their prices are a big rip off but convenience trumps everything usually. Haha,25,,,,r/Frugal_Ind,,,,https://www.reddit.com/r/Frugal_Ind/comments/1ilae3e/quick_commerce_is_cheap_compared_to_offline/mbt3g1n/
IM-000336,reddit,TejiMandiApp,,The Truth Behind 10-Minute Delivery Model,"The 10-minute quick delivery model is gaining a lot of traction. Many companies like Swiggy Zomato, Dunzo, and Zepto compete against each other. But there is a dark side to it as well. Let’s explore more about it. Recently, I ordered a bottle of cold drink and some milkshakes from Zepto. It got delivered in just 12 minutes and 32 seconds. Well, that’s an achievement for the company. But the question is, did I need those products in 10 minutes? Honestly not. Still, the 10-minute quick delivery model is gaining a lot of traction. Many companies like Swiggy Zomato, Dunzo, and Zepto are competing against each other to deliver products within 10 minutes. You won’t believe it. Nowadays, even liquor is delivered in 10 minutes! That’s crazy. But what’s the 10-minute craze? And how do these companies manage to knock on your door in just 10 minutes after you hit the ‘place order’ button! Let’s find out. What’s Happening? Startups and well-established food delivery chains are aggressively competing against each other to excel in the 10-minute delivery space. They have come up with unique and strong marketing strategies. Dunzo’s ‘Ab fridge ka kya kaam hai?’ and Swiggy Instamart’s ‘The Better Half Cookbook’, etc. But the question is, how do these companies manage to deliver so quickly? Business Model of 10-Minute Delivery Platforms Usually, when you run out of milk or bread, what do you do? You quickly run downstairs to your local kirana store to buy it, right? Then why would someone buy it from Swiggy Instamart or Zepto? Simply because it is more convenient. These companies aim to offer convenient and hassle-free delivery at your doorstep. But how do they manage to deliver in 10 minutes? Firstly, they have several mini-warehouses (dark stores) near every town and city. For example, Dunzo has mini warehouses within 5 KMs of a residential area. Previously, these companies had big warehouses with a lot of inventory. This would give users a lot of options to choose from. But, it resulted in slow delivery. So, now they have updated their strategy and have started storing less inventory, which will give users fewer options but faster delivery. The Dark Side of 10-Minute Delivery Platforms Riders have a time constraint to deliver groceries. Complaints are lodged against riders for flouting traffic rules, which might prove to be dangerous for local citizens. Hence, Swiggy changed its marketing communication to ‘Groceries delivered in minutes.’ Similar is the case with Blinkit. It changed its ad campaign from ‘Need it in 10 minutes’ to ‘Need it in minutes’. What Lies Ahead? These days these grocery delivery chains are clubbing orders. So, if two people order something from the same place, both the orders will be delivered by the same rider. This, in turn, will reduce the delivery cost but will be a bit time-consuming. Moreover, when we talk about swift delivery, it relies on how many orders a rider can deliver in an hour. These companies will manage to deliver their promise of delivering in minutes only if they manage to deliver multiple orders on time. &#32; submitted by &#32; /u/TejiMandiApp [link] &#32; [comments]",524,,,,r/TejiMandiApp,,,,https://www.reddit.com/r/TejiMandiApp/comments/w7ldw3/the_truth_behind_10minute_delivery_model/
IM-000337,reddit,unicommerceSaaS,,Are 10-minute delivery apps in India actually sustainable? Here’s who’s leading quick commerce in 2026,"A few years ago, same-day delivery felt fast. Now people expect groceries, medicines, chargers, snacks sometimes even beauty products at their doorstep in 10 minutes. India’s quick commerce market has exploded, and platforms are aggressively competing on speed: Zepto Blinkit Swiggy Instamart Dunzo Daily BigBasket Now Flipkart Minutes What’s interesting is that this isn’t just about delivery riders moving faster. These companies are heavily relying on: ✅ Dark stores / micro warehouses ✅ AI-based inventory forecasting ✅ Hyperlocal logistics ✅ Real-time order routing ✅ Automated fulfillment systems And they’re expanding beyond groceries into: Medicines Food Electronics Beauty products Pet care But the big question is: Is this model actually profitable long term? Challenges still exist: High operational costs Inventory wastage Delivery fleet expenses Customer acquisition burn Thin margins At the same time, consumer behavior is clearly changing. Convenience is becoming non-negotiable. We broke down how these apps work + who’s leading India’s quick commerce race here: https://unicommerce.com/blog/10-minute-delivery-apps-india/ &#32; submitted by &#32; /u/unicommerceSaaS [link] &#32; [comments]",165,,,,r/u_unicommerceSaaS,,,,https://www.reddit.com/r/u_unicommerceSaaS/comments/1t651qq/are_10minute_delivery_apps_in_india_actually/
IM-000338,reddit,rmaxmayur,,​🕒 10-Minute Groceries in Yavatmal? Blinkit Rumors are Heating Up! 🛒,Is it finally happening? There’s been a lot of talk lately about Blinkit (and maybe even Swiggy Instamart) scouting locations in Yavatmal. &#32; submitted by &#32; /u/rmaxmayur [link] &#32; [comments],30,,,,r/yavatmal,,,,https://www.reddit.com/r/yavatmal/comments/1qioxgt/10minute_groceries_in_yavatmal_blinkit_rumors_are/
IM-000339,reddit,gigantic_nano,,/u/gigantic_nano on ​🕒 10-Minute Groceries in Yavatmal? Blinkit Rumors are Heating Up! 🛒,Yes. Finally. I myself thinking about becoming a vendor but they have so many rules 😐.,16,,,,r/yavatmal,,,,https://www.reddit.com/r/yavatmal/comments/1qioxgt/10minute_groceries_in_yavatmal_blinkit_rumors_are/o0t0pae/
IM-000340,reddit,rmaxmayur,,/u/rmaxmayur on ​🕒 10-Minute Groceries in Yavatmal? Blinkit Rumors are Heating Up! 🛒,"Blinkit Vendor Registration: &quot;Tapassya&quot; Hai, Par Worth Hai! 💰",9,,,,r/yavatmal,,,,https://www.reddit.com/r/yavatmal/comments/1qioxgt/10minute_groceries_in_yavatmal_blinkit_rumors_are/o0t1atn/
IM-000341,reddit,ryugastic,,/u/ryugastic on ​🕒 10-Minute Groceries in Yavatmal? Blinkit Rumors are Heating Up! 🛒,What rules?,2,,,,r/yavatmal,,,,https://www.reddit.com/r/yavatmal/comments/1qioxgt/10minute_groceries_in_yavatmal_blinkit_rumors_are/o0ta1dl/
IM-000342,reddit,LifeguardFew6943,,/u/LifeguardFew6943 on ​🕒 10-Minute Groceries in Yavatmal? Blinkit Rumors are Heating Up! 🛒,exciting,1,,,,r/yavatmal,,,,https://www.reddit.com/r/yavatmal/comments/1qioxgt/10minute_groceries_in_yavatmal_blinkit_rumors_are/o0t75zp/
IM-000343,reddit,BasicSpecific6474,,/u/BasicSpecific6474 on ​🕒 10-Minute Groceries in Yavatmal? Blinkit Rumors are Heating Up! 🛒,Surprising tho,2,,,,r/yavatmal,,,,https://www.reddit.com/r/yavatmal/comments/1qioxgt/10minute_groceries_in_yavatmal_blinkit_rumors_are/o0vewit/
IM-000344,reddit,[deleted],,/u/[deleted] on ​🕒 10-Minute Groceries in Yavatmal? Blinkit Rumors are Heating Up! 🛒,It is live.,3,,,,r/yavatmal,,,,https://www.reddit.com/r/yavatmal/comments/1qioxgt/10minute_groceries_in_yavatmal_blinkit_rumors_are/o2y3okt/
IM-000345,reddit,Ramtub,,HDFC is a new friend,So today i applied for HSBC liv+ cause of 10% cashback on groceries online and offline but they rejected my application. Afterwards I applied for Swiggy Orange since it was LTF planning to use it for online groceries for their 5% cashback on Instamart and hope it would work on Flipkart minutes too. I have a few doubts to the seniors who has been using it: Since I don&#39;t have a core card and I don&#39;t really mind it but wanted to know whether can we use Swiggy Orange on Festive Sale or not ? How is the cashback credited ? Does they show cashback after every successful transaction or do they show it in monthly statement ? #Somethingisbetterthannothing &#32; submitted by &#32; /u/Ramtub [link] &#32; [comments],127,,,,r/CreditCardsIndia,,,,https://www.reddit.com/r/CreditCardsIndia/comments/1v9sn6q/hdfc_is_a_new_friend/
IM-000346,reddit,curiious_lad,,/u/curiious_lad on HDFC is a new friend,"Min transaction amount is 249 , which is a bummer 😔",11,,,,r/CreditCardsIndia,,,,https://www.reddit.com/r/CreditCardsIndia/comments/1v9sn6q/hdfc_is_a_new_friend/p0gr5u4/
IM-000347,reddit,Ramtub,,/u/Ramtub on HDFC is a new friend,Isn&#39;t ₹249 is for 10% cashback which is for the black varient ? Bt i don&#39;t really mind since all of my transaction would be greater than ₹300+,28,,,,r/CreditCardsIndia,,,,https://www.reddit.com/r/CreditCardsIndia/comments/1v9sn6q/hdfc_is_a_new_friend/p0guxwm/
IM-000348,reddit,Frag_Addictt,,/u/Frag_Addictt on HDFC is a new friend,Do you have any existing hdfc card or its your 1st time applying hdfc card?,15,,,,r/CreditCardsIndia,,,,https://www.reddit.com/r/CreditCardsIndia/comments/1v9sn6q/hdfc_is_a_new_friend/p0gosu7/
IM-000349,reddit,No-Scarcity-5653,,/u/No-Scarcity-5653 on HDFC is a new friend,I ordered groceries from jiomart but didn&#39;t receive 5% cashback. Any fix?,12,,,,r/CreditCardsIndia,,,,https://www.reddit.com/r/CreditCardsIndia/comments/1v9sn6q/hdfc_is_a_new_friend/p0gywer/
IM-000350,reddit,Phinaert,,/u/Phinaert on HDFC is a new friend,Go for a core card of HDFC first then target co branded cards. They simply reject core cards if you have any of the co branded ones,27,,,,r/CreditCardsIndia,,,,https://www.reddit.com/r/CreditCardsIndia/comments/1v9sn6q/hdfc_is_a_new_friend/p0grd2z/
IM-000351,reddit,yatinnain,,/u/yatinnain on HDFC is a new friend,"No, you don&#39;t get all offers like a core card.",10,,,,r/CreditCardsIndia,,,,https://www.reddit.com/r/CreditCardsIndia/comments/1v9sn6q/hdfc_is_a_new_friend/p0gsppk/
IM-000352,reddit,Tall_Machine_5616,,/u/Tall_Machine_5616 on HDFC is a new friend,i heared that once you have co branded card with HDFC they won&#39;t give you core card of HDFC..is that true?,21,,,,r/CreditCardsIndia,,,,https://www.reddit.com/r/CreditCardsIndia/comments/1v9sn6q/hdfc_is_a_new_friend/p0hm4fe/
IM-000353,reddit,Greedy_Gene_956,,/u/Greedy_Gene_956 on HDFC is a new friend,True,1,,,,r/CreditCardsIndia,,,,https://www.reddit.com/r/CreditCardsIndia/comments/1v9sn6q/hdfc_is_a_new_friend/p0ho769/
IM-000354,reddit,No-Caregiver-3600,,/u/No-Caregiver-3600 on HDFC is a new friend,"No , in most of cases co branded card not work for instant discounts and festive offers..",17,,,,r/CreditCardsIndia,,,,https://www.reddit.com/r/CreditCardsIndia/comments/1v9sn6q/hdfc_is_a_new_friend/p0h1im4/
IM-000355,reddit,DingoInternal8597,,/u/DingoInternal8597 on HDFC is a new friend,"I closed my Swiggy OG LTF card for hdfc core card and also got hsbc live+. In my opinion, sbi cashback is far better than swiggy orange",27,,,,r/CreditCardsIndia,,,,https://www.reddit.com/r/CreditCardsIndia/comments/1v9sn6q/hdfc_is_a_new_friend/p0hdv3m/
IM-000356,reddit,Motor_Neighborhood92,,/u/Motor_Neighborhood92 on HDFC is a new friend,What the difference between Orange and Black?,7,,,,r/CreditCardsIndia,,,,https://www.reddit.com/r/CreditCardsIndia/comments/1v9sn6q/hdfc_is_a_new_friend/p0hh5v9/
IM-000357,reddit,Total-Blueberry-5594,,Blinkit vs Zepto vs Swiggy Instamart – The Instant Grocery Battle,"Ordering groceries in 10–30 minutes isn’t a dream anymore, it’s reality. Blinkit, Zepto, and Swiggy Instamart are changing the way we shop, but it’s more than just convenience and speed, it’s shaping habits and expectations. Blinkit : Uses hyper-local warehouses and AI to predict what you need, making it a reliable choice in tier-1 and tier-2 cities. Zepto: Promises groceries in 10–15 minutes. Their aggressive promotions and focus on speed make them the favorite for busy urban professionals. Swiggy Instamart: Ties grocery delivery to its existing food delivery network, giving users one-stop convenience. The upside: Saves time, makes life easier, and helps small brands get noticed. The downside: Premium delivery can cost more, over-reliance can reduce planning skills, and the temptation to buy on impulse is real. What we can learn: Speed and smart logistics are changing how we live and shop. Marketing and promotions aren’t just selling products, they’re shaping the way we think about convenience. Technology, when combined with behavioral insights, can influence habits more than we realize. A message for youth: These apps are powerful tools but power comes with responsibility. They can save time, simplify life, and make everyday tasks easier. But if we rely on them too much, we risk losing planning skills and patience. Convenience is a tool, not a crutch. Food for thought: Are we genuinely gaining convenience, or are we training ourselves to expect everything instantly? &#32; submitted by &#32; /u/Total-Blueberry-5594 [link] &#32; [comments]",242,,,,r/u_Total-Blueberry-5594,,,,https://www.reddit.com/r/u_Total-Blueberry-5594/comments/1qmig9g/blinkit_vs_zepto_vs_swiggy_instamart_the_instant/
