app_version,author,country,date,id,platform,rating,reply_text,subreddit,text,thumbs_up,title,url
4.113.1,Nand Kishore,in,2026-08-03 11:14:29,eba7e2a3-b490-42fa-a195-0ab4977099cb,play_store,5,"Hey there, nothing delights us more than hearing this. We are happy that you had a great experience. Keep Swiggying. 🙂",,good,0,,
4.113.1,Dheena yogesh Dheena yogesh,in,2026-08-03 11:06:35,338c0161-a3eb-4649-9031-a3048689b8f7,play_store,5,"Hi there, thank you for your patronage and the perfect rating. We will strive to provide consistent seamless ordering experiences. Keep Swiggying!",,nice,0,,
4.113.1,Akshay Kumar Bindhani,in,2026-08-03 11:02:52,51034e5f-02c6-43db-8b27-590c10a7692a,play_store,5,"Hey there, thank you for the valuable feedback. We request you to let us know more about your experience by writing an email to swiggysocial@swiggy.in so we can make our services better.",,ok,0,,
4.113.1,Sipun Sahu,in,2026-08-03 11:00:24,5f7fe3f9-cb57-4d44-bb75-299eb07f7370,play_store,5,"Hi there, thank you for your patronage and the perfect rating. We will strive to provide consistent seamless ordering experiences. Keep Swiggying!",,nice,0,,
4.113.1,Omkar,in,2026-08-03 10:48:44,0be305eb-2bde-46bf-974c-439dbb283618,play_store,5,Hey there! It's a bliss to see that our service brought a smile to your face. We'll endeavor to keep it up. Keep Swiggying. 🙂,,good,0,,
4.113.1,Shyamala Bharathi,in,2026-08-03 10:46:33,f35bb1db-3c79-471e-b280-94d955e92aa5,play_store,5,Hey there! Such positive reviews motivate us to strive hard to provide you a much better experience. Happy ordering. 🙂,,they give the delivery in time without delay,0,,
4.113.1,Radhay Varun,in,2026-08-03 10:44:50,25de837f-a096-4975-a10e-a58d1023a0bd,play_store,5,"Hey, thanks for the rating! This motivates us to keep serving you better with every order.",,good app best from all and sell high quality products at cheapest price,0,,
4.113.1,gaurav thapar,in,2026-08-03 10:42:47,e7b2aa62-9b19-4f48-96f6-b50029a55646,play_store,1,"Hey there, we are sorry to have put you through such a situation. We would like to make amends and request you to kindly share the order ID along with the details of your concern at swiggysocial@swiggy.in and we will do what it takes to turn this around!",,very bad experience app Ne claim kiya tha ki aapka order 22 minut mein pahunch jaega per 25 minut Tak to rider nahin uthai nahin order hi nahin uthaya very a bad experience,0,,
4.113.1,Kashish Chetwani,in,2026-08-03 10:37:55,5b252c7f-21da-450b-beb5-58b5e9894f41,play_store,1,"Hi, we are sorry about the below-par experience with your order. Please write to us at swiggysocial@swiggy.in along with the order ID, so we can assist you better.",,when I select my order and add to Cart after they were not show the screen for payment and all,0,,
4.113.1,Vishal Sah,in,2026-08-03 10:37:04,67b66596-6bae-4ec6-8d78-e80ac5d7c90c,play_store,5,Hey there! It's a bliss to see that our service brought a smile to your face. We'll endeavor to keep it up. Keep Swiggying. 🙂,,best,0,,
4.113.1,ANSIYA JABIREHAN,in,2026-08-03 10:36:18,21d39dea-3400-4f11-80b1-12a259a0b7e2,play_store,5,"Hey, thanks for the rating! This motivates us to keep serving you better with every order.",,good,0,,
,Jasmin Gill,in,2026-08-03 10:25:28,76c7f446-02b4-4547-ba71-014dd32adb9a,play_store,3,"Hello, we are sorry for the trouble you have been through. Please drop an email at swiggysocial@swiggy.in along with order ID and we will help you sort this out.",,this is not fare yr app logo ko chote chote shehro me bhi smaan diliver Krna chahiye pls I heartily request you mra pind kotla bamma aliwal road hai batala shehro hi lgta hai so pls mujhe apne baby k liye smaan mgvna pdta hai,0,,
4.113.1,Rakesh Kumar,in,2026-08-03 10:04:06,ee86e5b0-986a-4646-b3ed-e5099b6af8ae,play_store,5,"Hey there, nothing delights us more than hearing this. We are happy that you had a great experience. Keep Swiggying. 🙂",,very good,0,,
,ThangKhanKim David. Kimsan,in,2026-08-03 10:00:20,52006bf2-9285-4c85-a7ac-ee2cbb2f494d,play_store,5,We are happy to hear such positive feedback. 🙂,,very good,0,,
4.113.1,rakhee mehta,in,2026-08-03 09:56:41,d9bf7012-2d62-4771-922e-269fc90c7aa8,play_store,5,"Hey, thank you for your feedback. We request you to let us know more about your experience by writing an email to swiggysocial@swiggy.in so we can make our services better.",,fresh vegetable always,0,,
4.113.1,TUHIN BAIRAGI,in,2026-08-03 09:55:06,5351e263-e149-4c44-bb02-dd23a83b84ce,play_store,5,Hey there! Such positive reviews motivate us to strive hard to provide you a much better experience. Happy ordering. 🙂,,good,0,,
4.113.1,vaditya sivanaik,in,2026-08-03 09:50:46,301cf449-3cee-4156-8746-c202e311ef8e,play_store,5,"Hey, we are glad to have patrons like you and will strive towards providing better services to keep such reviews coming our way. Keep ordering.",,good,0,,
4.113.1,Dheeraj Ghalot,in,2026-08-03 09:49:50,a0b3281d-8c99-4a3f-b2a1-d7192f0a91be,play_store,5,"Hey, thank you for the ratings. We request you to let us know more about your experience by writing an email to swiggysocial@swiggy.in so we can make our services better.",,nice work,0,,
4.113.1,Jed Mitter,in,2026-08-03 09:48:17,a3e9954a-5eaa-4bfe-9712-2941e3a335a6,play_store,5,"Hey, thank you for your feedback. We request you to let us know more about your experience by writing an email to swiggysocial@swiggy.in so we can make our services better.",,"Great quality, speedy delivery. However, I would like the delivery persons to be careful when riding their bikes. My delivery not more important than their safety.",0,,
4.112.0,Dhiman Mondal,in,2026-08-03 09:37:39,45b4d930-d25a-4d50-80bf-8851f5a37a5f,play_store,5,"Hey there, nothing delights us more than hearing this. We are happy that you had a great experience. Keep Swiggying. 🙂",,Nice 👍,0,,
4.113.1,Siju K k,in,2026-08-03 09:31:56,531cec12-9de7-4999-bc49-9d2f8635816c,play_store,5,"Hey there, nothing delights us more than hearing this. We are happy that you had a great experience. Keep Swiggying. 🙂",,👍👍,0,,
4.113.1,Ranjit Jehanabad,in,2026-08-03 09:27:12,79325eea-01da-4774-9261-7b3c531ef5bf,play_store,5,Hey there! It's a bliss to see that our service brought a smile to your face. We'll endeavor to keep it up. Keep Swiggying. 🙂,,good 👍👍👍👍👍👍👍,0,,
,Sn Global Services,in,2026-08-03 09:23:56,7af5a0b7-7beb-43dd-a7e7-6e847d343345,play_store,1,"Hey, we request you to let us know more about your experience by writing us an email at swiggysocial@swiggy.in from your registered email ID so that we can have your concern addressed.",,"Please guys check all products what you have ordered then pay them. worst experience ever. 1st - they said 10-15 minutes but took 40 minutes. 2nd: they delivered wrong order. 3rd: order returned and they said refund done back to source by upi. but i paid by cash so when i asked for details they don't have it. now they are giving me no option to get my money back but only refund in coupon. and again wait for 48hr. they scammed me basically. problem happened again, missing item 3 august",0,,
4.113.1,Subhendu Panda,in,2026-08-03 09:22:07,bd1d7355-faac-46e2-b9f7-4cb8a2390768,play_store,5,Hey there! It's a bliss to see that our service brought a smile to your face. We'll endeavor to keep it up. Keep Swiggying. 🙂,,excellent,0,,
4.113.1,BAPUJI SAHOO,in,2026-08-03 09:18:25,8726a5f3-f7ab-4346-828d-76a82d90e169,play_store,5,"Hey there, we're pleased that you enjoyed your experience with Swiggy. We'll endeavor to keep it up. Keep ordering. 🙂",,fast service,0,,
4.113.1,Anshuman Bhardwaj,in,2026-08-03 09:15:53,c50c6dfb-ef0a-4b85-82c9-81b6d535d6c5,play_store,1,"Hey there, we are sorry for the unpleasant experience you had. Please share more details about the incident by writing an email at swiggysocial@swiggy.in from your registered email ID. we'll take it up.",,"My experience was extremely disappointing. My first order turned out to be my last order on Instamart. I ordered milk, but the milk packet they delivered did not have an expiry date mentioned. I contacted customer support through the Help section, but they closed the conversation without even listening to my concern. No resolution was provided. Very poor customer service.",0,,
,Vasanti Soman,in,2026-08-03 08:44:17,42514698-5486-4d79-89fe-092d24ed89f8,play_store,4,"Hey there, we are thankful for your reviews & would love to get your feedback on taking it to the next level. We request you to share your feedback by writing to us at swiggysocial@swiggy.in from your registered email address.",,you should add an option to give Tip to the delivery person after delivery has happened. currently I can add tips only when placing an order. At the time of placing the order I am not sure if the delivery service by the delivery boy is good or not,0,,
4.111.2,lian goukhaam,in,2026-08-03 08:19:27,1cf9172f-47f5-43c3-85e4-23172d8bb951,play_store,5,"Hey there, we are thankful to you for your review! We request you to let us know more about your experience by writing an email to swiggysocial@swiggy.in so we can make our services better.",,Good and reasonable priced products and fast delivery.,0,,
4.113.1,Gopal Kedia,in,2026-08-03 08:12:38,65aadde1-bfe2-44f1-800a-488602e36bdc,play_store,5,"Hey, we are glad to have patrons like you and will strive towards providing better services to keep such reviews coming our way. Keep ordering.",,👍,0,,
4.112.0,NAMATHOTI SIVANAGARAJU,in,2026-08-03 08:09:37,4a37f623-3d4a-4560-b6bb-926cad7bf478,play_store,1,"Hi, we are sorry about the below-par experience with your order. Please write to us at swiggysocial@swiggy.in along with the order ID, so we can assist you better.",,Instamart always sending unriped fruits.. and low quality products,0,,
4.113.1,Shah Sonu,in,2026-08-03 08:07:40,0b0c85c2-3c61-47db-8653-61cb0f6619d3,play_store,5,Hey there! It's a bliss to see that our service brought a smile to your face. We'll endeavor to keep it up. Keep Swiggying. 🙂,,good partner for grocery,0,,
4.113.1,Bindu Bujji,in,2026-08-03 07:59:06,a1e4f4f1-905f-49e1-ae54-e910ec5202fe,play_store,5,"Hey there, thank you for the perfect ratings. We appreciate your efforts in contributing to our improvements.",,good service 👍,0,,
4.113.1,Nitin Agrawal,in,2026-08-03 07:45:59,0c3c1192-7feb-4223-915c-9406d4c149ec,play_store,4,"Hi, thank you for delighting us with the positive review. We request you to let us know more about your experience by writing an email to swiggysocial@swiggy.in so we can make our service worth 5 stars.",,nice,0,,
,Chetan Bhaskeray Bhatt,in,2026-08-03 07:42:38,2a6abf12-9603-41c5-b0ed-a5f115cf99a4,play_store,5,"Hey there, thank you for the perfect ratings. We appreciate your efforts in contributing to our improvements.",,really excellent,0,,
4.113.1,Yash Raj,in,2026-08-03 07:37:45,a0f549d3-dc54-48d7-ae39-ebd603d78afb,play_store,2,"Hi, please write to us about your experience at swiggysocial@swiggy.in from your registered email address, so we can better our services.",,very nice only 5 min but pagal app hai,0,,
4.113.1,Mary Gamage,in,2026-08-03 07:17:12,62fa672e-efb4-405a-87a0-62bc4a625acd,play_store,5,"Hey there, thank you for the valuable feedback. We request you to let us know more about your experience by writing an email to swiggysocial@swiggy.in so we can make our services better.",,"quality products, fresh portion, reasonably priced, good deals, speedy delivery, friendly app & great customer support",0,,
4.113.1,Vonimi Sai,in,2026-08-03 06:52:59,c94d566a-2f79-43e6-b91a-5e3464fe49d5,play_store,5,"Hey there, nothing delights us more than hearing this. We are happy that you had a great experience. Keep Swiggying. 🙂",,super 👍,0,,
4.113.1,Vipin Singh,in,2026-08-03 06:52:09,509319a8-8de7-431d-9fa0-36d5937012db,play_store,5,"Hello, nothing delights us more than hearing this. We are happy that you had a great experience. Keep Swiggying. 😊",,very good. variety of products available.,0,,
4.113.1,Niveathitha alagar,in,2026-08-03 06:31:44,9cfbd063-c84c-4fcf-ac92-b5e39bbe59bd,play_store,5,"Hey, we are glad to have patrons like you and will strive towards providing better services to keep such reviews coming our way. Keep ordering.",,Nice,0,,
4.112.0,MohdArif Khan,in,2026-08-03 02:49:49,36a1e159-0f77-493a-88b5-e0666aba0732,play_store,1,"Hey, we request you to let us know more about your experience by writing us an email at swiggysocial@swiggy.in from your registered email ID so that we can have your concern addressed.",,very bad in night order 😪,0,,
4.113.1,Aniket Gaikwad,in,2026-08-03 00:45:25,b37a8b1a-6c68-4512-910c-f27ea8c7606f,play_store,4,"Hey, thanks for the rating! This motivates us to keep serving you better with every order. We would love to hear from you about how we could hit the 5-star rating. Please do share your thoughts by dropping an email at swiggysocial@swiggy.in.",,can improve on payment offers and discounts,0,,
,JAI_ AKASH_,in,2026-08-03 00:28:10,a10e6a39-428e-4885-b847-8bb6972cd51a,play_store,1,"Hi, we are sorry about this. Please help us with the order id over an email at swiggysocial@swiggy.in, so we can help resolve the issue.",,not optimistic interface,0,,
4.113.1,FARHAN SHAIKH,in,2026-08-02 23:54:32,87c9bc3f-3001-4d1d-be99-9171cf40d36c,play_store,5,"Hey, we are glad to have patrons like you and will strive towards providing better services to keep such reviews coming our way. Keep ordering.",,nice,0,,
4.113.1,Rider Arman,in,2026-08-02 23:45:19,6e898e88-aece-461f-a913-0090334c2441,play_store,5,"Hey there, we're pleased that you enjoyed your experience with Swiggy. We'll endeavor to keep it up. Keep ordering. 🙂",,im ordering regular right time delivery thanks to Instamart,0,,
4.113.1,Mritunjay Singh,in,2026-08-02 23:42:06,f3f72247-edb6-44bb-96e1-f0efb6e4f239,play_store,2,"Hey, we request you to let us know more about your experience by writing us an email at swiggysocial@swiggy.in from your registered email ID so that we can have your concern addressed.",,price rate and delivery rate different,0,,
4.113.1,Agbin singh,in,2026-08-02 23:39:41,53ac9f1a-a087-496a-b1af-709883646376,play_store,1,"We're apologetic about this experience you've faced while ordering with us. Please write to us at swiggysocial@swiggy.in from your registered email address detailing your experience, so we can look into the issue and resolve it for you.",,not good,0,,
4.112.0,Charu Sharma,in,2026-08-02 23:39:16,86da4217-fd32-4f8c-a706-4e3bb9496deb,play_store,3,"Hey, thank you for the ratings. Please let us know how we can make our service worth 5 stars by writing to us at swiggysocial@swiggy.in from your registered email address.",,good,0,,
4.113.1,Pranali Nimbre,in,2026-08-02 23:27:42,2d3e9242-a365-42df-8572-1f7af5054e50,play_store,5,Hey there! Such positive reviews motivate us to strive hard to provide you a much better experience. Happy ordering. 🙂,,good,0,,
4.112.0,AFIF MALLIK,in,2026-08-02 23:16:15,65ebdfbd-2688-4cb2-823b-dd7cea62eb72,play_store,5,Hey there! Such positive reviews motivate us to strive hard to provide you a much better experience. Happy ordering. 🙂,,nice,0,,
4.113.1,jamir pathan,in,2026-08-02 23:06:39,79f1af9b-db79-44f5-bfa6-b1ad13baf310,play_store,5,Hey there! It's a bliss to see that our service brought a smile to your face. We'll endeavor to keep it up. Keep Swiggying. 🙂,,really good service best quality .,0,,
4.112.0,Sohail Zain,in,2026-08-02 22:57:29,989cc689-6687-4da7-b6d9-7dac760d987c,play_store,3,"We appreciate your review. However, we would like to hear about how we can improve ourselves to get a 5-star rating. Please do write to us swiggysocial@swiggy.in from your registered email address with your valuable insights on improvement.",,nice good p,0,,
4.113.1,Dhanasekar Ramasamy,in,2026-08-02 22:57:27,6ab6c43d-4b9c-4e62-9ee4-2583cc0bff08,play_store,1,"Hey there, we would like to get this checked to see what went wrong. Kindly help us with your registered details at swiggysocial@swiggy.in and we will do what it takes to turn this around!",,"Worst !!! Usually I am using another app. But first time I am using the Instamart app, and facing issue. and worst customer care, they not providing solution instead they are trying to convince me. One of the worst experience I faced at my first order. I will not use this further and wont suggest to my family and friends. other many instant delivery apps are there with quick solution. I would not suggest. Finally no use in customer care support also. They not refunded my money also,Uninstalled",0,,
4.112.0,Anusha,in,2026-08-02 22:57:11,a0535986-a434-4017-81d7-37e47719d2d5,play_store,5,"Hey there, nothing delights us more than hearing this. We are happy that you had a great experience. Keep Swiggying. 🙂",,quick and satisfied,0,,
4.113.1,Prince yadav,in,2026-08-02 22:56:20,58ebebd3-a7cb-4aaf-b095-b54192cee1d9,play_store,5,"Hey there, nothing delights us more than hearing this. We are happy that you had a great experience. Keep Swiggying. 🙂",,instamart is very good and fast,0,,
4.113.1,Akshay Prajapat,in,2026-08-02 22:54:42,caff4044-a571-46d5-822b-7008f653f634,play_store,5,We are happy to hear such positive feedback. 🙂,,good service,0,,
4.113.1,Mugala Aruna02,in,2026-08-02 22:52:51,d93787fa-ab8c-4e06-87a4-004ad8f18741,play_store,5,"Hey there, thank you for the perfect ratings. We appreciate your efforts in contributing to our improvements.",,Nice 🙂🙂,0,,
4.113.1,Sheeba Naqvi,in,2026-08-02 22:51:30,c95e5ac7-4114-40da-84fb-7536b22040e6,play_store,5,"Hey there, thank you for rating us 5-Star. Please let us know how we can further improve our services by dropping an email at swiggysocial@swiggy.in from your registered email address.",,mei insta mart last year se use kr rha hu par yeh app mei ajj tk mera experience bura nhi rha,0,,
4.113.1,mohamed Asif,in,2026-08-02 22:50:25,5782ab01-0245-4b42-933c-a92f5cb232b7,play_store,5,"Hi there, thank you for your patronage and the perfect rating. We will strive to provide consistent seamless ordering experiences. Keep Swiggying!",,gud,0,,
4.113.1,Karthikc,in,2026-08-02 22:50:06,4605b34f-8f30-4d9e-bfe8-88d20f52549e,play_store,4,"Hi, thank you for delighting us with the positive review. We request you to let us know more about your experience by writing an email to swiggysocial@swiggy.in so we can make our service worth 5 stars.",,this is very nice and help for in night 🌉,0,,
4.113.1,Y Shiva,in,2026-08-02 22:49:50,00c2d0c2-67a4-4786-85b0-d1a63d0ad860,play_store,5,"Hey, we are glad to have patrons like you and will strive towards providing better services to keep such reviews coming our way. Keep ordering.",,very good service,0,,
4.113.1,Mohd Ikramudeen,in,2026-08-02 22:47:10,f18b1d20-635e-4883-9a73-6dd301333010,play_store,5,Hey there! Such positive reviews motivate us to strive hard to provide you a much better experience. Happy ordering. 🙂,,Nice,0,,
4.92.0,Mohammed Ismail,in,2026-08-02 22:37:34,5a1038ab-327d-427d-8d53-c7a5adceab4c,play_store,1,"Hi, please write to us about your experience at swiggysocial@swiggy.in from your registered email address, so we can better our services.",,"Cheating app!! Ordered items were not delivered, but the amount was still deducted. Feels like cheating customers.",0,,
4.113.1,ghomsi guiffo,in,2026-08-02 22:33:18,d47f37a5-a8d8-496f-adf7-a47f5a5f62cb,play_store,5,"Hey there, thank you for the perfect ratings. We appreciate your efforts in contributing to our improvements.",,fast delivery but you're expensive,0,,
4.113.1,Nuzaif Shamsi,in,2026-08-02 22:28:35,935c6333-6e77-4b0d-afc8-15eba280fe43,play_store,5,"Hello, nothing delights us more than hearing this. We are happy that you had a great experience. Keep Swiggying. 😊",,very Good,0,,
4.113.1,Omprakash Dubey,in,2026-08-02 22:28:09,a2419824-b443-4eff-915b-882c1bdbd047,play_store,5,"Hey there, nothing delights us more than hearing this. We are happy that you had a great experience. Keep Swiggying. 🙂",,Good,0,,
4.113.1,Namra Siddiqui,in,2026-08-02 22:25:27,7e89f118-eda6-4c58-b9cd-90efd2756820,play_store,5,"Hey there, thank you for the perfect ratings. We appreciate your efforts in contributing to our improvements.",,good,0,,
4.113.1,Laxman Dolly,in,2026-08-02 22:21:23,05d5c3cd-f927-433a-8bce-0e09841ca37e,play_store,3,"Hey there, we are disappointed to know you feel this way about us. We request you to kindly let us know more about the issue by writing to us at swiggysocial@swiggy.in from your registered email address, so we can look into it and have it fixed at the earliest.",,😞,0,,
4.113.1,Parag Bajaj,in,2026-08-02 22:19:31,05627c03-ed9e-40f9-95c1-393781ad2aef,play_store,5,"Hey there, thank you for the perfect ratings. We appreciate your efforts in contributing to our improvements.",,it is very good app you get order within 15 minutes good quality,0,,
4.112.0,Mueen Khan,in,2026-08-02 22:18:08,276b442d-90ea-4943-99be-2c0870ffe9d2,play_store,5,Hey there! It's a bliss to see that our service brought a smile to your face. We'll endeavor to keep it up. Keep Swiggying. 🙂,,excellence app,0,,
,Sajjad Basheer,in,2026-08-02 22:14:30,682bcca5-9fd1-414a-bde4-907c43c245f4,play_store,5,"Hey there, nothing delights us more than hearing this. We are happy that you had a great experience. Keep Swiggying. 🙂",,Simply the best hyperlocal grocer app,0,,
4.113.1,Asif Iqbal,in,2026-08-02 22:13:04,76405d47-4ab9-40e1-889e-5760c8359e4f,play_store,4,Hey there! Such a bliss! We request you to let us know more about your experience by writing an email to swiggysocial@swiggy.in so we can make our services better.,,outstanding,0,,
4.113.1,Saravanan P,in,2026-08-02 22:12:39,938ef877-9835-4975-865a-af34c3df2e9f,play_store,5,"Hey there, nothing delights us more than hearing this. We are happy that you had a great experience. Keep Swiggying. 🙂",,thankyou,0,,
4.113.1,Beno Fdozjillu,in,2026-08-02 21:55:59,c4233cb5-1ba1-44a3-a086-3838a776179f,play_store,3,"Hey there, we are thankful to you for your review! We request you to let us know more about your experience by writing an email to swiggysocial@swiggy.in so we can make our services better.",,good service,0,,
4.113.1,raju patel,in,2026-08-02 21:55:28,5e0a2d98-df60-4011-bf2c-83fa23aae104,play_store,5,Hey there! It's a bliss to see that our service brought a smile to your face. We'll endeavor to keep it up. Keep Swiggying. 🙂,,good,0,,
4.113.1,dinesh bareth,in,2026-08-02 21:53:13,352c0319-e286-4cfb-b085-dfd0223da291,play_store,1,"Hey there, we are sorry to have put you through such a situation. We would like to make amends and request you to kindly share the order ID along with the details of your concern at swiggysocial@swiggy.in and we will do what it takes to turn this around!",,free delivery at 99rs I add 100+ than extended free delivery to 149 than 199 why?,0,,
4.112.0,sathya narayana,in,2026-08-02 21:51:49,2ed19040-6b0b-4e41-9702-5706fe59452e,play_store,5,"Hey, we are glad to have patrons like you and will strive towards providing better services to keep such reviews coming our way. Keep ordering.",,good,0,,
4.113.1,Adriel George,in,2026-08-02 21:49:43,a5660d71-3d7c-4fea-adc3-cc45234f37f4,play_store,5,"Hey there, thank you for the perfect ratings. We appreciate your efforts in contributing to our improvements.",,what else to say other than Thank you for making our daily errands easier .,0,,
4.113.1,TASLEEM AHMED,in,2026-08-02 21:46:20,a8d5a59d-e8b3-47f2-9240-2c05511e0c20,play_store,5,"Hey, thanks for the rating! This motivates us to keep serving you better with every order.",,good,0,,
4.113.1,JZ Q,in,2026-08-02 21:45:45,15a601c5-7844-475e-82ee-0c64c747c918,play_store,5,Yay! We are super happy to know that you are enjoying our services. Thanks for taking the time out and sharing the review with a perfect star rating. Keep Ordering. 🙂,,"Very Easy to use, great discounts, product availability, quick delivery.",0,,
,Ayan Mirza,in,2026-08-02 21:37:45,9737cd98-064e-48ae-b9d6-28b6d609da1c,play_store,5,"Hey there, thank you for the valuable feedback. We request you to let us know more about your experience by writing an email to swiggysocial@swiggy.in so we can make our services better.",,"Instamart Is Very good App Before This Service, all online shopping apps take 3 4 days for groceries etc. but instamart take 15 min only. Instamart Also Give coupons and Offers",0,,
4.113.1,Jerin George,in,2026-08-02 21:37:06,78304d64-e014-482e-8614-5336d972c34a,play_store,5,Hey there! It's a bliss to see that our service brought a smile to your face. We'll endeavor to keep it up. Keep Swiggying. 🙂,,good handling,0,,
4.112.0,Sanjay Pandey,in,2026-08-02 21:34:59,1ff2a29e-37dd-4dae-8ac6-05a4f961d9fd,play_store,4,"Hey, thank you for the ratings. We request you to let us know more about your experience by writing an email to swiggysocial@swiggy.in so we can make our services better.",,goog hai,0,,
4.113.1,Sindhupriya M,in,2026-08-02 21:30:25,0bda668b-d968-4040-8c48-6ef080c62f50,play_store,4,"Hey there, appreciate your feedback, we give utmost priority to our user's feedback and would request you to share yours on swiggysocial@swiggy.in and we can work towards implementing them to provide better services.",,Instamart buying experience is good but at times product once bought is not shown again consistent availability is not maintained,0,,
4.113.1,sheetal saxena,in,2026-08-02 21:28:55,a6972637-1b0e-46dc-ab7f-9a8f8aefae26,play_store,1,"Hi, we are sorry about this. Please help us with the order id over an email at swiggysocial@swiggy.in, so we can help resolve the issue.",,"these are a bunch of scammers, they delivered less items and when I asked for help within a few seconds they denied refund or replacement",0,,
4.113.1,shradha kale,in,2026-08-02 21:23:25,412f3885-1fd1-4e27-834d-b51b97341c86,play_store,5,Hey there! It's a bliss to see that our service brought a smile to your face. We'll endeavor to keep it up. Keep Swiggying. 🙂,,nice,0,,
4.113.1,Divyanshu Mishra,in,2026-08-02 21:23:09,2a63c3cb-9488-43aa-8495-d19638c8ca76,play_store,1,"Hi there, that doesn't seem right. Please mail us the details of the issue at swiggysocial@swiggy.in from your registered email ID so that we can look into it and get back to you at the earliest.",,bad app slow response,0,,
4.113.1,i sanku.nandhi,in,2026-08-02 21:19:55,8bc7a03a-1026-42d9-a5da-63688c7d138a,play_store,1,"Hi there, we are sorry for any hassle you have faced while ordering with us. Please share the order ID along with the details of the issue by writing to us at swiggysocial@swiggy.in from your registered email address and we would be happy to connect with you and resolve the matter.",,prices too high,0,,
4.113.1,Mohammed Nayaz,in,2026-08-02 21:17:54,407b17dd-f273-42c2-949d-6b2b2b5c7900,play_store,5,Hey there! Such positive reviews motivate us to strive hard to provide you a much better experience. Happy ordering. 🙂,,good,0,,
4.113.1,Yash Ranka,in,2026-08-02 21:08:18,4b47e3b7-6c50-4f9e-a53a-6e1d1bfefb54,play_store,5,"Hey, thank you for your kind review. We hope to keep on giving you a consistent service every time. We request you to let us know more about your experience by writing an email to swiggysocial@swiggy.in so we can make our services better.",,Adding money to get free delivery is an amazing feature. Added money can be used on the next orders.,0,,
4.113.1,Mohammedali Khan,in,2026-08-02 21:03:21,705f7070-03f1-4402-a522-ccc3810eb08c,play_store,5,"Hey there, nothing delights us more than hearing this. We are happy that you had a great experience. Keep Swiggying. 🙂",,Excellent,0,,
4.113.1,Siddhi shishupal,in,2026-08-02 21:03:06,5b7e30fa-0196-4523-9221-bab51fe79de1,play_store,5,"Hey there, nothing delights us more than hearing this. We are happy that you had a great experience. Keep Swiggying. 🙂",,very good app,0,,
4.113.1,Poonam G,in,2026-08-02 21:01:34,e75655fd-971d-421e-a00f-e9368bfc8fb4,play_store,5,"Hey, we are glad to have patrons like you and will strive towards providing better services to keep such reviews coming our way. Keep ordering.",,nice,0,,
4.113.1,Govindi Mehra,in,2026-08-02 20:57:37,497d2a2e-20b6-455f-9cf4-c4be90e40abf,play_store,5,"Hey there, nothing delights us more than hearing this. We are happy that you had a great experience. Keep Swiggying. 🙂",,nice,0,,
4.112.0,ANWAR ANSARI,in,2026-08-02 20:52:11,b9304af0-5422-4109-8b3f-c96ae8e0ef52,play_store,4,"Hey there, we are thankful to you for your review! We request you to let us know more about your experience by writing an email to swiggysocial@swiggy.in so we can make our services better.",,acha hai,0,,
4.113.1,Selva,in,2026-08-02 20:50:10,cbdb18bc-17d7-4bb1-a5c7-65072ddd6b48,play_store,5,"Hey, we are glad to have patrons like you and will strive towards providing better services to keep such reviews coming our way. Keep ordering.",,good,0,,
4.113.1,Omkar patade,in,2026-08-02 20:48:37,2df4d681-ad58-4b12-aefe-f0fb095b1c23,play_store,5,"Hey there, thank you for the perfect ratings. We appreciate your efforts in contributing to our improvements.",,"help full application for housewife, senior citizens. now rainy season too helpful",0,,
,Rajni Soni,in,2026-08-02 20:41:58,90425163-606f-40ad-908b-03570064ffcd,play_store,1,"Hello, we would like to know more about it. Please write to us at swiggysocial@swiggy.in with relevant details elaborating further on your ordering experience with us, so we can set this right for you.",,bakwas and ghatiya app,0,,
4.113.1,Vignesh Yogi,in,2026-08-02 20:39:10,e3c16a5f-58a0-44a3-a6f5-a41b96a519b3,play_store,1,"Hi, please write to us about your experience at swiggysocial@swiggy.in from your registered email address, so we can better our services.",,don't waste time. Lot of genuine platforms and shops there.,0,,
4.113.1,anwar sadique,in,2026-08-02 20:33:48,e66f4757-fd64-43b0-a05c-a836a7d1e784,play_store,5,"Hey there, we're pleased that you enjoyed your experience with Swiggy. We'll endeavor to keep it up. Keep ordering. 🙂",,Good app,0,,
4.113.1,manohar sangamalla,in,2026-08-02 20:33:18,1e9340cf-3bd8-459b-a2a4-46640c1c9d23,play_store,5,Hey there! It's a bliss to see that our service brought a smile to your face. We'll endeavor to keep it up. Keep Swiggying. 🙂,,Good,0,,
,YesterdayOk7452,,2026-05-11T10:04:48.000Z,t3_1t9ytcx,reddit,,,r/swiggy,"This is honestly insane. Ordered from Swiggy Instamart. Delivery guy (name in app: S... K...) comes to my place (Delhi). Normal delivery. Leaves. A while later I realize my TP-Link Wi-Fi extender (~₹2000) is missing. Check CCTV… and it literally shows him picking it up and walking out with it. Called him and asked him to give it back - he had the audacity to say I don&#39;t work for Swiggy despite the call was being made from within Swiggy App. Clear as day. I report it immediately to Swiggy. Shared everything including full video footage. Raised a complaint. Swiggy:  Apologizes Says they’re “looking into it” Assures me the item will be returned  …and then? Nothing. No item. No refund. No real action. Just templated replies about “internal action”. So basically: Even with video proof of theft inside a customer’s home, there’s no accountability? That’s the scary part. This isn’t about ₹2000 anymore. It’s about letting a stranger into your house and then being told “we’ll look into it.” I’m filing a police complaint next. Posting this so people are aware - maybe don’t let delivery guys step inside your home unless absolutely necessary. If anyone has dealt with something similar or knows how to escalate this properly, please help.  &#32; submitted by &#32;  /u/YesterdayOk7452   [link] &#32; [comments]",,Swiggy Instamart delivery guy walked into my house… and stole something on camera. No action still,https://www.reddit.com/r/swiggy/comments/1t9ytcx/swiggy_instamart_delivery_guy_walked_into_my/
,AutoModerator,,2026-05-11T10:04:48.000Z,t1_ol5gdh0,reddit,,,r/swiggy,"Thank you for your post, u/YesterdayOk7452! It is currently under review and will be public after quality check. You can help in the process. We are looking for moderators. If you hang in this sub a lot and feel a sense of community here; maybe you would like to be a mod? If your account is more than 6 months old, please fill this form. Swiggy employees and associates are not eligible to apply. I am a bot, and this action was performed automatically. Please contact the moderators of this subreddit if you have any questions or concerns.",,/u/AutoModerator on Swiggy Instamart delivery guy walked into my house… and stole something on camera. No action still,https://www.reddit.com/r/swiggy/comments/1t9ytcx/swiggy_instamart_delivery_guy_walked_into_my/ol5gdh0/
,OkPear8053,,2026-05-11T15:42:49.000Z,t1_ol7504p,reddit,,,r/swiggy,"File a police complaint with his full details and follow up with police to get his address, phone number, etc. from swiggy.",,/u/OkPear8053 on Swiggy Instamart delivery guy walked into my house… and stole something on camera. No action still,https://www.reddit.com/r/swiggy/comments/1t9ytcx/swiggy_instamart_delivery_guy_walked_into_my/ol7504p/
,SuperViolinist9286,,2026-05-12T03:54:57.000Z,t1_olb3k19,reddit,,,r/swiggy,"This raise a police complaint attach video then attach swiggy in the case and send case details to swiggy , then they will take you seriously .",,/u/SuperViolinist9286 on Swiggy Instamart delivery guy walked into my house… and stole something on camera. No action still,https://www.reddit.com/r/swiggy/comments/1t9ytcx/swiggy_instamart_delivery_guy_walked_into_my/olb3k19/
,dparag14,,2026-05-11T16:26:30.000Z,t1_ol7epv3,reddit,,,r/swiggy,Cops will just ask money from you to lodge a complaint. You’ll just end up spending more on bribes than the objects worth.,,/u/dparag14 on Swiggy Instamart delivery guy walked into my house… and stole something on camera. No action still,https://www.reddit.com/r/swiggy/comments/1t9ytcx/swiggy_instamart_delivery_guy_walked_into_my/ol7epv3/
,Jkwaks,,2026-05-11T18:12:26.000Z,t1_ol82myt,reddit,,,r/swiggy,This has never really happened! You go to a decent police station and they don’t take money to file a complain,,/u/Jkwaks on Swiggy Instamart delivery guy walked into my house… and stole something on camera. No action still,https://www.reddit.com/r/swiggy/comments/1t9ytcx/swiggy_instamart_delivery_guy_walked_into_my/ol82myt/
,SnooCauliflowers6134,,2026-05-11T17:39:01.000Z,t1_ol7v1q5,reddit,,,r/swiggy,"But at least the delivery person will cooked if OP made a complaint , good lesson for him",,/u/SnooCauliflowers6134 on Swiggy Instamart delivery guy walked into my house… and stole something on camera. No action still,https://www.reddit.com/r/swiggy/comments/1t9ytcx/swiggy_instamart_delivery_guy_walked_into_my/ol7v1q5/
,dparag14,,2026-05-11T18:05:27.000Z,t1_ol813ly,reddit,,,r/swiggy,"Won’t matter. Even if they sack him, he’ll just go and work for another competitor. You live in a country where you can’t even measure the population. You think they’re goons care if your record is clean?",,/u/dparag14 on Swiggy Instamart delivery guy walked into my house… and stole something on camera. No action still,https://www.reddit.com/r/swiggy/comments/1t9ytcx/swiggy_instamart_delivery_guy_walked_into_my/ol813ly/
,mansplaining_1,,2026-05-11T20:40:41.000Z,t1_ol8ywp0,reddit,,,r/swiggy,"I don&#39;t understand why you are discouraging OP from doing the right thing. &quot;Oh police might not help&quot; &quot;Oh no action will be taken&quot; How about &quot;yes, man take the necessary action. Fuck that delivery guy up.&quot; What if police actually are good? You may think you are being a realist but you are definitely coming across as a rank pessimist.",,/u/mansplaining_1 on Swiggy Instamart delivery guy walked into my house… and stole something on camera. No action still,https://www.reddit.com/r/swiggy/comments/1t9ytcx/swiggy_instamart_delivery_guy_walked_into_my/ol8ywp0/
,CharacterIll5275,,2026-05-13T12:35:56.000Z,t1_olk1e4a,reddit,,,r/swiggy,He must one with the delivery guy,,/u/CharacterIll5275 on Swiggy Instamart delivery guy walked into my house… and stole something on camera. No action still,https://www.reddit.com/r/swiggy/comments/1t9ytcx/swiggy_instamart_delivery_guy_walked_into_my/olk1e4a/
,the_summer_,,2026-05-11T17:25:03.000Z,t1_ol7rv06,reddit,,,r/swiggy,"download invoice it will show address of their store and just go to that store, show manager his pic?",,/u/the_summer_ on Swiggy Instamart delivery guy walked into my house… and stole something on camera. No action still,https://www.reddit.com/r/swiggy/comments/1t9ytcx/swiggy_instamart_delivery_guy_walked_into_my/ol7rv06/
,chubbypetals,,2026-05-11T16:55:22.000Z,t1_ol7l49v,reddit,,,r/swiggy,"Police complaint? Definitely. Send a legal notice to the delivery guy and Swiggy both.  If u can, file a fir against both.  Jab legal notice jayega bsdk tak aukat yaad ayegi. Post on twitter and insta also.",,/u/chubbypetals on Swiggy Instamart delivery guy walked into my house… and stole something on camera. No action still,https://www.reddit.com/r/swiggy/comments/1t9ytcx/swiggy_instamart_delivery_guy_walked_into_my/ol7l49v/
,YesterdayOk7452,,2026-05-11T17:06:19.000Z,t1_ol7nm1m,reddit,,,r/swiggy,"swiggy refused to share any info about the rider nor their dark store address which can be mentioned in the FIR. all I am planning to do is requesting RWA to block all swiggy personnel from entering the society. if that happens, it will make the entire 400 household+ society non-operational for them for both Swiggy Food + instamart delivery. That is the only way i can escalate the situation and make them pay attention when it starts hurting their bottom line",,/u/YesterdayOk7452 on Swiggy Instamart delivery guy walked into my house… and stole something on camera. No action still,https://www.reddit.com/r/swiggy/comments/1t9ytcx/swiggy_instamart_delivery_guy_walked_into_my/ol7nm1m/
,chubbypetals,,2026-05-11T17:15:01.000Z,t1_ol7pkw7,reddit,,,r/swiggy,"I don’t think 1 society will do much tbh, besides you’ll have angry uncles and aunties at your throat.  Maybe you could stop one Swiggy rider entering your society, and coax him for the address?  Give him 100rs and just ask him where the store is politely. Ask him if he’s seen this dude before .  A lot of these guys know each other . But you have his pic, cops will give u his details i hope. I doubt the store will do much They’re just cogs in the machine",,/u/chubbypetals on Swiggy Instamart delivery guy walked into my house… and stole something on camera. No action still,https://www.reddit.com/r/swiggy/comments/1t9ytcx/swiggy_instamart_delivery_guy_walked_into_my/ol7pkw7/
,Responsible_Plum3407,,2026-05-11T17:24:04.000Z,t1_ol7rmwu,reddit,,,r/swiggy,"OP, if you place an order in your Swiggy App again, it should show the dark store&#39;s address. Alternatively, if the address doesn&#39;t show up, simply use maps to check and match the address. Also, pretty sure your invoice would have full details of the dark store.",,/u/Responsible_Plum3407 on Swiggy Instamart delivery guy walked into my house… and stole something on camera. No action still,https://www.reddit.com/r/swiggy/comments/1t9ytcx/swiggy_instamart_delivery_guy_walked_into_my/ol7rmwu/
,YesterdayOk7452,,2026-05-11T17:27:52.000Z,t1_ol7sib1,reddit,,,r/swiggy,"The invoice has PJTJ TECHNOLOGIES PVT LTD &quot;Gf, Plot No. 176 (old no. 386), street no. 1, Village Mangolpur Kalan, Delhi-110087&quot; I am not sure if it is dark store address or just where they ended up opening GST number with. Anyways if it helps avoid placing orders from this dark store as at least 1 known thief works there.",,/u/YesterdayOk7452 on Swiggy Instamart delivery guy walked into my house… and stole something on camera. No action still,https://www.reddit.com/r/swiggy/comments/1t9ytcx/swiggy_instamart_delivery_guy_walked_into_my/ol7sib1/
,chubbypetals,,2026-05-11T17:46:42.000Z,t1_ol7wta8,reddit,,,r/swiggy,Just ask a swiggy guy entering your society. Maybe pay them 50rs to give u a lift there. Easy,,/u/chubbypetals on Swiggy Instamart delivery guy walked into my house… and stole something on camera. No action still,https://www.reddit.com/r/swiggy/comments/1t9ytcx/swiggy_instamart_delivery_guy_walked_into_my/ol7wta8/
,SnooCauliflowers6134,,2026-05-11T17:40:53.000Z,t1_ol7vh6s,reddit,,,r/swiggy,"Will if you place a new order with Swiggy, them you can see the exact location of the dark store on map, Go to the location and get exact coordinates , if thats feasible for you",,/u/SnooCauliflowers6134 on Swiggy Instamart delivery guy walked into my house… and stole something on camera. No action still,https://www.reddit.com/r/swiggy/comments/1t9ytcx/swiggy_instamart_delivery_guy_walked_into_my/ol7vh6s/
,Responsible_Plum3407,,2026-05-11T18:13:23.000Z,t1_ol82ult,reddit,,,r/swiggy,"Is it within a 20 min range of your home? If yes, then it most likely it.",,/u/Responsible_Plum3407 on Swiggy Instamart delivery guy walked into my house… and stole something on camera. No action still,https://www.reddit.com/r/swiggy/comments/1t9ytcx/swiggy_instamart_delivery_guy_walked_into_my/ol82ult/
,Character_Meal3308,,2026-05-11T23:48:55.000Z,t1_ol9yo4k,reddit,,,r/swiggy,download swiggy delivery partner app and from there to join store u can see the store address,,/u/Character_Meal3308 on Swiggy Instamart delivery guy walked into my house… and stole something on camera. No action still,https://www.reddit.com/r/swiggy/comments/1t9ytcx/swiggy_instamart_delivery_guy_walked_into_my/ol9yo4k/
,CharacterIll5275,,2026-05-13T12:37:52.000Z,t1_olk1qtc,reddit,,,r/swiggy,"If there is a theft by a Swiggy guy, Swiggy is no one to punish him, the guy committed a crime in India not in Swiggy Republic, correct course is file a case against the delivery guy and Swiggy (as a company). Let Swiggy deal with it, as in the lagal trouble of having to answer.",,/u/CharacterIll5275 on Swiggy Instamart delivery guy walked into my house… and stole something on camera. No action still,https://www.reddit.com/r/swiggy/comments/1t9ytcx/swiggy_instamart_delivery_guy_walked_into_my/olk1qtc/
,dkgupta121,,2026-07-12T08:51:30.000Z,t3_1uua2u4,reddit,,,r/swiggy,"Hey everyone, Just a heads-up if you’re ordering dairy from Swiggy Instamart right now. Yesterday, I cut open my Heritage milk packet and it instantly smelled foul and looked completely spoilt before it even touched the stove. Annoying, but I assumed it was a one-off issue. Cut to this morning. I ordered three packets of Heritage Full Cream and one packet of Heritage Toned. The second I opened them, the exact same thing happened. All four packets were completely rotten and smelling terrible straight out of the bag. This isn&#39;t just a bad batch; the local Instamart dark store’s refrigeration must be completely broken, and they are actively shipping out rotten dairy. Absolute zero quality control. Check your milk the second you open it today.   &#32; submitted by &#32;  /u/dkgupta121   [link] &#32; [comments]",,Swiggy Instamart sent me spoilt milk for the second consecutive day,https://www.reddit.com/r/swiggy/comments/1uua2u4/swiggy_instamart_sent_me_spoilt_milk_for_the/
,AutoModerator,,2026-07-12T08:51:31.000Z,t1_ox1ujco,reddit,,,r/swiggy,"Thank you for your post, u/dkgupta121! It is currently under review and will be public after quality check. You can help in the process. We are looking for moderators. If you hang in this sub a lot and feel a sense of community here; maybe you would like to be a mod? If your account is more than 6 months old, please apply. Swiggy employees and associates are not eligible to apply. I am a bot, and this action was performed automatically. Please contact the moderators of this subreddit if you have any questions or concerns.",,/u/AutoModerator on Swiggy Instamart sent me spoilt milk for the second consecutive day,https://www.reddit.com/r/swiggy/comments/1uua2u4/swiggy_instamart_sent_me_spoilt_milk_for_the/ox1ujco/
,backbone97,,2026-07-12T14:14:40.000Z,t1_ox35gvc,reddit,,,r/swiggy,"if u buy milk again from there, u r an idiot, 2 mistakes are acceptable if u dont repeat it 3rd time",,/u/backbone97 on Swiggy Instamart sent me spoilt milk for the second consecutive day,https://www.reddit.com/r/swiggy/comments/1uua2u4/swiggy_instamart_sent_me_spoilt_milk_for_the/ox35gvc/
,one_mick,,2026-07-13T10:10:52.000Z,t1_ox8uhzw,reddit,,,r/swiggy,Reminds me of the jcole lyrics,,/u/one_mick on Swiggy Instamart sent me spoilt milk for the second consecutive day,https://www.reddit.com/r/swiggy/comments/1uua2u4/swiggy_instamart_sent_me_spoilt_milk_for_the/ox8uhzw/
,Cyanoq,,2026-07-13T10:57:38.000Z,t1_ox90vcs,reddit,,,r/swiggy,he dont wanna be saved,,/u/Cyanoq on Swiggy Instamart sent me spoilt milk for the second consecutive day,https://www.reddit.com/r/swiggy/comments/1uua2u4/swiggy_instamart_sent_me_spoilt_milk_for_the/ox90vcs/
,Constant-Pain0047,,2026-07-13T00:23:52.000Z,t1_ox6ky3i,reddit,,,r/swiggy,Bro ghar k pas Jo dunkan hai udhar jaya kar har roz jaisa shopkeeper dost banjaiga to kabhi kabhi usk pas fresh dudh nahi hota to vo bolta hai badme aana abhi dudh ki gadi 1 hr bad aigi,,/u/Constant-Pain0047 on Swiggy Instamart sent me spoilt milk for the second consecutive day,https://www.reddit.com/r/swiggy/comments/1uua2u4/swiggy_instamart_sent_me_spoilt_milk_for_the/ox6ky3i/
,BreakReasonable434,,2026-07-15T10:39:27.000Z,t1_oxnksql,reddit,,,r/swiggy,"That&#39;s what i do , now he keeps 1l milk aside for me everyday",,/u/BreakReasonable434 on Swiggy Instamart sent me spoilt milk for the second consecutive day,https://www.reddit.com/r/swiggy/comments/1uua2u4/swiggy_instamart_sent_me_spoilt_milk_for_the/oxnksql/
,Open-Historian7341,,2026-07-12T13:25:40.000Z,t1_ox2wat2,reddit,,,r/swiggy,Dukaan se le aa bhai,,/u/Open-Historian7341 on Swiggy Instamart sent me spoilt milk for the second consecutive day,https://www.reddit.com/r/swiggy/comments/1uua2u4/swiggy_instamart_sent_me_spoilt_milk_for_the/ox2wat2/
,Ladla_ontop,,2026-07-15T14:39:46.000Z,t1_oxotqqf,reddit,,,r/swiggy,"Bhai mein dukaan se bhi le aati hu dudh phat jaata hai, weather ki vajah se dudh ki haalat kharab ho jaati hai",,/u/Ladla_ontop on Swiggy Instamart sent me spoilt milk for the second consecutive day,https://www.reddit.com/r/swiggy/comments/1uua2u4/swiggy_instamart_sent_me_spoilt_milk_for_the/oxotqqf/
,Open-Historian7341,,2026-07-15T14:55:07.000Z,t1_oxoxawx,reddit,,,r/swiggy,"Itni garmi to nahi hai, aur agar hai to phir bhi daily daily to nahi fatna chahiye. Ek baar dusri jagah se la kar dekho ya phir brand badal kar dekho.",,/u/Open-Historian7341 on Swiggy Instamart sent me spoilt milk for the second consecutive day,https://www.reddit.com/r/swiggy/comments/1uua2u4/swiggy_instamart_sent_me_spoilt_milk_for_the/oxoxawx/
,sunilswag,,2026-07-12T20:58:28.000Z,t1_ox5j5bf,reddit,,,r/swiggy,Roshogulla khilana hoga unko tujhe 😂,,/u/sunilswag on Swiggy Instamart sent me spoilt milk for the second consecutive day,https://www.reddit.com/r/swiggy/comments/1uua2u4/swiggy_instamart_sent_me_spoilt_milk_for_the/ox5j5bf/
,Aims101,,2026-07-12T17:05:43.000Z,t1_ox45frx,reddit,,,r/swiggy,"The same thing has happened to me also. I bought the milk, and it got spoiled super fast. I bought milk through Swiggy twice and never again.",,/u/Aims101 on Swiggy Instamart sent me spoilt milk for the second consecutive day,https://www.reddit.com/r/swiggy/comments/1uua2u4/swiggy_instamart_sent_me_spoilt_milk_for_the/ox45frx/
,SKELETON_D,,2026-07-12T17:21:14.000Z,t1_ox48uxl,reddit,,,r/swiggy,No wonder people so lean towards use Swiggy even after this much open scam and fraud can&#39;t avoid use of them.,,/u/SKELETON_D on Swiggy Instamart sent me spoilt milk for the second consecutive day,https://www.reddit.com/r/swiggy/comments/1uua2u4/swiggy_instamart_sent_me_spoilt_milk_for_the/ox48uxl/
,Fushigoro-Toji,,2026-07-12T17:43:05.000Z,t1_ox4dob5,reddit,,,r/swiggy,Make paneer but always buy milk from local shops are they are fast moving and there are very less chance that it will be spoilt,,/u/Fushigoro-Toji on Swiggy Instamart sent me spoilt milk for the second consecutive day,https://www.reddit.com/r/swiggy/comments/1uua2u4/swiggy_instamart_sent_me_spoilt_milk_for_the/ox4dob5/
,Average_Otaku6969,,2026-07-12T18:02:17.000Z,t1_ox4hy41,reddit,,,r/swiggy,Only buy toned milk online folks.,,/u/Average_Otaku6969 on Swiggy Instamart sent me spoilt milk for the second consecutive day,https://www.reddit.com/r/swiggy/comments/1uua2u4/swiggy_instamart_sent_me_spoilt_milk_for_the/ox4hy41/
,Dismal_Apricot_3229,,2026-07-13T17:48:25.000Z,t1_oxbdwif,reddit,,,r/swiggy,Best advice bro🤘 I only confirmed this after so many trials,,/u/Dismal_Apricot_3229 on Swiggy Instamart sent me spoilt milk for the second consecutive day,https://www.reddit.com/r/swiggy/comments/1uua2u4/swiggy_instamart_sent_me_spoilt_milk_for_the/oxbdwif/
,sapienon_earth,,2026-07-12T18:20:01.000Z,t1_ox4ls3a,reddit,,,r/swiggy,"It happens with me every time I order from Swiggy!! Maybe they do not maintain the temperature during storage. I stopped ordering from it, always go for nearby verka booth.",,/u/sapienon_earth on Swiggy Instamart sent me spoilt milk for the second consecutive day,https://www.reddit.com/r/swiggy/comments/1uua2u4/swiggy_instamart_sent_me_spoilt_milk_for_the/ox4ls3a/
,notmydaughteru81tch,,2026-07-13T05:59:40.000Z,t1_ox80d0e,reddit,,,r/swiggy,"Me too. Any dairy product I have ever ordered from Swiggy has been spoilt or near spoilt. Sour cream, yoghurt, milk...",,/u/notmydaughteru81tch on Swiggy Instamart sent me spoilt milk for the second consecutive day,https://www.reddit.com/r/swiggy/comments/1uua2u4/swiggy_instamart_sent_me_spoilt_milk_for_the/ox80d0e/
,bluffinhot,,2026-07-12T18:31:10.000Z,t1_ox4o6g4,reddit,,,r/swiggy,"I mean, the brand is awful by itself 🤷‍♂️",,/u/bluffinhot on Swiggy Instamart sent me spoilt milk for the second consecutive day,https://www.reddit.com/r/swiggy/comments/1uua2u4/swiggy_instamart_sent_me_spoilt_milk_for_the/ox4o6g4/
,Amazing_Emphasis8167,,2026-07-12T19:00:20.000Z,t1_ox4ufij,reddit,,,r/swiggy,Go to the store,,/u/Amazing_Emphasis8167 on Swiggy Instamart sent me spoilt milk for the second consecutive day,https://www.reddit.com/r/swiggy/comments/1uua2u4/swiggy_instamart_sent_me_spoilt_milk_for_the/ox4ufij/
,No_Supermarket_3802,,2026-07-12T20:00:01.000Z,t1_ox56ycq,reddit,,,r/swiggy,Try pasteurised milk pockets,,/u/No_Supermarket_3802 on Swiggy Instamart sent me spoilt milk for the second consecutive day,https://www.reddit.com/r/swiggy/comments/1uua2u4/swiggy_instamart_sent_me_spoilt_milk_for_the/ox56ycq/
,actionbolt069,,2026-02-15T06:41:07.000Z,t3_1r57pwn,reddit,,,r/swiggy,"I ordered a Cadbury Dairy Milk Family Pack from Swiggy Instamart and received it with white spots all over the chocolate (looks spoiled). I immediately raised a complaint through the app, but I haven’t received any proper response or resolution.  &#32; submitted by &#32;  /u/actionbolt069   [link] &#32; [comments]",,No response from Swiggy Instamart after delivering damaged chocolate,https://www.reddit.com/r/swiggy/comments/1r57pwn/no_response_from_swiggy_instamart_after/
,AutoModerator,,2026-02-15T06:41:08.000Z,t1_o5gw8r4,reddit,,,r/swiggy,"Thank you for your post, u/actionbolt069! It is currently under review and will be public after quality check. You can help in the process. We are looking for moderators. If you hang in this sub a lot and feel a sense of community here; maybe you would like to be a mod? If your account is more than 6 months old, please fill this form. Swiggy employees and associates are not eligible to apply. I am a bot, and this action was performed automatically. Please contact the moderators of this subreddit if you have any questions or concerns.",,/u/AutoModerator on No response from Swiggy Instamart after delivering damaged chocolate,https://www.reddit.com/r/swiggy/comments/1r57pwn/no_response_from_swiggy_instamart_after/o5gw8r4/
,pb10011995,,2026-02-15T08:38:13.000Z,t1_o5h8gcc,reddit,,,r/swiggy,That&#39;s not ruined it&#39;s called chocolate blooming. Read it up.,,/u/pb10011995 on No response from Swiggy Instamart after delivering damaged chocolate,https://www.reddit.com/r/swiggy/comments/1r57pwn/no_response_from_swiggy_instamart_after/o5h8gcc/
,Gigachad599isback,,2026-02-15T08:44:46.000Z,t1_o5h94io,reddit,,,r/swiggy,Even on chocolate packets it&#39;s written sometimes that this can occur and does not affect consumption,,/u/Gigachad599isback on No response from Swiggy Instamart after delivering damaged chocolate,https://www.reddit.com/r/swiggy/comments/1r57pwn/no_response_from_swiggy_instamart_after/o5h94io/
,anonpumpkin012,,2026-02-15T09:18:02.000Z,t1_o5hck4g,reddit,,,r/swiggy,That’s just blooming.,,/u/anonpumpkin012 on No response from Swiggy Instamart after delivering damaged chocolate,https://www.reddit.com/r/swiggy/comments/1r57pwn/no_response_from_swiggy_instamart_after/o5hck4g/
,Klutzy-Film18,,2026-02-15T10:50:11.000Z,t1_o5hm398,reddit,,,r/swiggy,"nothing is wrong with that , and even if something was wrong swiggy isn&#39;t responsible if its sealed",,/u/Klutzy-Film18 on No response from Swiggy Instamart after delivering damaged chocolate,https://www.reddit.com/r/swiggy/comments/1r57pwn/no_response_from_swiggy_instamart_after/o5hm398/
,Fun-Gas3117,,2026-02-15T11:08:33.000Z,t1_o5ho1ov,reddit,,,r/swiggy,that’s not spoiled tho that’s just sugar coming to the surface when the chocolate is stored in unideal conditions,,/u/Fun-Gas3117 on No response from Swiggy Instamart after delivering damaged chocolate,https://www.reddit.com/r/swiggy/comments/1r57pwn/no_response_from_swiggy_instamart_after/o5ho1ov/
,sexyyscientist,,2026-02-15T11:24:04.000Z,t1_o5hppp2,reddit,,,r/swiggy,You have never read a chocolate wrapper in your life. This post tells more about you than the chocolate.,,/u/sexyyscientist on No response from Swiggy Instamart after delivering damaged chocolate,https://www.reddit.com/r/swiggy/comments/1r57pwn/no_response_from_swiggy_instamart_after/o5hppp2/
,Maybe_Advisor,,2026-02-15T11:14:22.000Z,t1_o5honx9,reddit,,,r/swiggy,Always complaint. Even if people tell otherwise,,/u/Maybe_Advisor on No response from Swiggy Instamart after delivering damaged chocolate,https://www.reddit.com/r/swiggy/comments/1r57pwn/no_response_from_swiggy_instamart_after/o5honx9/
,Diligent_Equipment_9,,2026-02-15T10:17:33.000Z,t1_o5hioau,reddit,,,r/swiggy,Gaya bhai Swiggy kich nahn karne wala Review dedo aisa bolke support ticket end kardenge Ye toh roz ka ho gaya hai Swiggy ka Proper refund/replacement milna bahut muskil hai aajkal unse.,,/u/Diligent_Equipment_9 on No response from Swiggy Instamart after delivering damaged chocolate,https://www.reddit.com/r/swiggy/comments/1r57pwn/no_response_from_swiggy_instamart_after/o5hioau/
,Maybe_Advisor,,2026-02-15T10:36:04.000Z,t1_o5hklmt,reddit,,,r/swiggy,Complaint to agent,,/u/Maybe_Advisor on No response from Swiggy Instamart after delivering damaged chocolate,https://www.reddit.com/r/swiggy/comments/1r57pwn/no_response_from_swiggy_instamart_after/o5hklmt/
,[deleted],,2026-02-15T09:31:11.000Z,t1_o5hdvt0,reddit,,,r/swiggy,[deleted],,/u/[deleted] on No response from Swiggy Instamart after delivering damaged chocolate,https://www.reddit.com/r/swiggy/comments/1r57pwn/no_response_from_swiggy_instamart_after/o5hdvt0/
,sexyyscientist,,2026-02-15T11:22:25.000Z,t1_o5hpj9y,reddit,,,r/swiggy,Are you serious?,,/u/sexyyscientist on No response from Swiggy Instamart after delivering damaged chocolate,https://www.reddit.com/r/swiggy/comments/1r57pwn/no_response_from_swiggy_instamart_after/o5hpj9y/
,[deleted],,2026-02-15T11:47:19.000Z,t1_o5hsa99,reddit,,,r/swiggy,[deleted],,/u/[deleted] on No response from Swiggy Instamart after delivering damaged chocolate,https://www.reddit.com/r/swiggy/comments/1r57pwn/no_response_from_swiggy_instamart_after/o5hsa99/
,endoud,,2026-02-15T12:30:28.000Z,t1_o5hxfvm,reddit,,,r/swiggy,How much do you need,,/u/endoud on No response from Swiggy Instamart after delivering damaged chocolate,https://www.reddit.com/r/swiggy/comments/1r57pwn/no_response_from_swiggy_instamart_after/o5hxfvm/
,[deleted],,2026-02-15T12:40:31.000Z,t1_o5hyor5,reddit,,,r/swiggy,[deleted],,/u/[deleted] on No response from Swiggy Instamart after delivering damaged chocolate,https://www.reddit.com/r/swiggy/comments/1r57pwn/no_response_from_swiggy_instamart_after/o5hyor5/
,endoud,,2026-02-15T12:53:10.000Z,t1_o5i0ch1,reddit,,,r/swiggy,What will it take,,/u/endoud on No response from Swiggy Instamart after delivering damaged chocolate,https://www.reddit.com/r/swiggy/comments/1r57pwn/no_response_from_swiggy_instamart_after/o5i0ch1/
,wesbsitenoob,,2026-02-15T09:02:11.000Z,t1_o5haxke,reddit,,,r/swiggy,chii,,/u/wesbsitenoob on No response from Swiggy Instamart after delivering damaged chocolate,https://www.reddit.com/r/swiggy/comments/1r57pwn/no_response_from_swiggy_instamart_after/o5haxke/
,Castrogen,,2026-05-21T10:11:24.000Z,t3_1tjg1uc,reddit,,,r/swiggy,"Yesterday around 2 PM, I placed a Swiggy Instamart grocery order worth around ₹550. Within about 20 minutes, the delivery partner marked the order as “delivered,” but I never received anything. I immediately contacted Swiggy support through chat and email. After waiting, this is the response I received from Instamart support: That’s it. No proof of delivery, no proper investigation, no attempt to verify with the delivery partner — just a straight refusal to refund. The delivery partner didn’t properly contact me before marking the order as delivered either. I checked nearby houses/buildings as well, but the groceries were nowhere to be found. What’s frustrating is that the email itself acknowledges the “unpleasant experience,” but they still refuse to refund for an order I never received. Paying ₹550 and then getting generic copy-paste replies honestly feels like a scam. Has anyone else faced this with Swiggy Instamart recently? What’s the best way to escalate this — consumer court, chargeback, social media escalation, or NCH complaint?  &#32; submitted by &#32;  /u/Castrogen   [link] &#32; [comments]",,Swiggy/ Instamart delivery fraud,https://www.reddit.com/r/swiggy/comments/1tjg1uc/swiggy_instamart_delivery_fraud/
,AutoModerator,,2026-05-21T10:11:24.000Z,t1_on12b0y,reddit,,,r/swiggy,"Thank you for your post, u/Castrogen! It is currently under review and will be public after quality check. You can help in the process. We are looking for moderators. If you hang in this sub a lot and feel a sense of community here; maybe you would like to be a mod? If your account is more than 6 months old, please fill this form. Swiggy employees and associates are not eligible to apply. I am a bot, and this action was performed automatically. Please contact the moderators of this subreddit if you have any questions or concerns.",,/u/AutoModerator on Swiggy/ Instamart delivery fraud,https://www.reddit.com/r/swiggy/comments/1tjg1uc/swiggy_instamart_delivery_fraud/on12b0y/
,Darkken2,,2026-05-21T12:53:47.000Z,t1_on1rpbe,reddit,,,r/swiggy,does the customer care know nothing other than saying no in 200 words,,/u/Darkken2 on Swiggy/ Instamart delivery fraud,https://www.reddit.com/r/swiggy/comments/1tjg1uc/swiggy_instamart_delivery_fraud/on1rpbe/
,[deleted],,2026-05-21T12:59:58.000Z,t1_on1suqj,reddit,,,r/swiggy,[deleted],,/u/[deleted] on Swiggy/ Instamart delivery fraud,https://www.reddit.com/r/swiggy/comments/1tjg1uc/swiggy_instamart_delivery_fraud/on1suqj/
,Castrogen,,2026-05-21T16:28:02.000Z,t1_on31i1r,reddit,,,r/swiggy,Let me try that,,/u/Castrogen on Swiggy/ Instamart delivery fraud,https://www.reddit.com/r/swiggy/comments/1tjg1uc/swiggy_instamart_delivery_fraud/on31i1r/
,Castrogen,,2026-05-21T16:47:45.000Z,t1_on35uta,reddit,,,r/swiggy,I don’t find their number anywhere online. Can you share?,,/u/Castrogen on Swiggy/ Instamart delivery fraud,https://www.reddit.com/r/swiggy/comments/1tjg1uc/swiggy_instamart_delivery_fraud/on35uta/
,Many-Hawk-1212,,2026-05-21T14:30:37.000Z,t1_on2bd5y,reddit,,,r/swiggy,Call them or else file a consumer complaint online through WhatsApp.,,/u/Many-Hawk-1212 on Swiggy/ Instamart delivery fraud,https://www.reddit.com/r/swiggy/comments/1tjg1uc/swiggy_instamart_delivery_fraud/on2bd5y/
,bendo_verson,,2026-05-21T15:38:39.000Z,t1_on2qfrx,reddit,,,r/swiggy,&quot;Hi Redmi&quot;,,/u/bendo_verson on Swiggy/ Instamart delivery fraud,https://www.reddit.com/r/swiggy/comments/1tjg1uc/swiggy_instamart_delivery_fraud/on2qfrx/
,AI_se_pehle_ke_prani,,2026-05-21T16:31:33.000Z,t1_on32a2e,reddit,,,r/swiggy,Wrf,,/u/AI_se_pehle_ke_prani on Swiggy/ Instamart delivery fraud,https://www.reddit.com/r/swiggy/comments/1tjg1uc/swiggy_instamart_delivery_fraud/on32a2e/
,Agreeable_Control725,,2026-05-22T05:07:02.000Z,t1_on6wodx,reddit,,,r/swiggy,Swiggy is a f*ckup company- ipo karke ab soch rahe government company hai,,/u/Agreeable_Control725 on Swiggy/ Instamart delivery fraud,https://www.reddit.com/r/swiggy/comments/1tjg1uc/swiggy_instamart_delivery_fraud/on6wodx/
,Disastrous-Equal-105,,2026-05-21T19:35:05.000Z,t1_on46q18,reddit,,,r/swiggy,Make a tweet with harsh Word on X. They will definitely resolve this. Add more drama like u hold Swiggy shares and will sell. Coz of this. Etc etc. They will definitely provide refund,,/u/Disastrous-Equal-105 on Swiggy/ Instamart delivery fraud,https://www.reddit.com/r/swiggy/comments/1tjg1uc/swiggy_instamart_delivery_fraud/on46q18/
,Puzzled-Estimate9451,,2026-03-07T12:05:29.000Z,t3_1rn8dby,reddit,,,r/swiggy,"today I was just ordering groceries and added two items in my cart. Surprisingly, both items show different price on their app while I was searching and increased price in the cart. Almost ₹80 extra!!!  the thing is I never cross check the total value like this as i usually order 10-15 items and i dont have the time to check each item price as shown on app before adding to cart and after adding to cart. and now i realise how many times i would have been scammed like this. not just me but many more people are scammed like this on everyday basis.  swiggy in general is such a big scammer. companies like this should be shut down completely. its really a huge malpractice.  &#32; submitted by &#32;  /u/Puzzled-Estimate9451   [link] &#32; [comments]",,Swiggy instamart is total scamm,https://www.reddit.com/r/swiggy/comments/1rn8dby/swiggy_instamart_is_total_scamm/
,AutoModerator,,2026-03-07T12:05:30.000Z,t1_o94sc74,reddit,,,r/swiggy,"Thank you for your post, u/Puzzled-Estimate9451! It is currently under review and will be public after quality check. You can help in the process. We are looking for moderators. If you hang in this sub a lot and feel a sense of community here; maybe you would like to be a mod? If your account is more than 6 months old, please fill this form. Swiggy employees and associates are not eligible to apply. I am a bot, and this action was performed automatically. Please contact the moderators of this subreddit if you have any questions or concerns.",,/u/AutoModerator on Swiggy instamart is total scamm,https://www.reddit.com/r/swiggy/comments/1rn8dby/swiggy_instamart_is_total_scamm/o94sc74/
,Complex_Marketing_10,,2026-03-07T17:38:14.000Z,t1_o96daaf,reddit,,,r/swiggy,Yes..they do that,,/u/Complex_Marketing_10 on Swiggy instamart is total scamm,https://www.reddit.com/r/swiggy/comments/1rn8dby/swiggy_instamart_is_total_scamm/o96daaf/
,krazyKat2005,,2026-03-07T17:52:53.000Z,t1_o96g68w,reddit,,,r/swiggy,Can we complaint about this in consumer court,,/u/krazyKat2005 on Swiggy instamart is total scamm,https://www.reddit.com/r/swiggy/comments/1rn8dby/swiggy_instamart_is_total_scamm/o96g68w/
,ThickAccident6744,,2026-03-07T21:57:30.000Z,t1_o97qnbx,reddit,,,r/swiggy,Absolutely YES,,/u/ThickAccident6744 on Swiggy instamart is total scamm,https://www.reddit.com/r/swiggy/comments/1rn8dby/swiggy_instamart_is_total_scamm/o97qnbx/
,jerrykingog,,2026-07-16T05:42:45.000Z,t1_oxu0cxi,reddit,,,r/swiggy,Ye log ikdum xhutiya hain bklode madarchod inki ma ki eandi phata hua atta bhejte hain inki biwi ki chut bhi fati hui mile inko mak ki chit inki bsdk kabhi alkuch mat mangana inse behen ke lode,,/u/jerrykingog on Swiggy instamart is total scamm,https://www.reddit.com/r/swiggy/comments/1rn8dby/swiggy_instamart_is_total_scamm/oxu0cxi/
,[deleted],,2026-03-07T17:31:39.000Z,t1_o96c1pg,reddit,,,r/swiggy,Lol,,/u/[deleted] on Swiggy instamart is total scamm,https://www.reddit.com/r/swiggy/comments/1rn8dby/swiggy_instamart_is_total_scamm/o96c1pg/
,masalacandy,,2026-03-08T13:54:13.000Z,t1_o9bdw2q,reddit,,,r/swiggy,I am glad this never happened with me,,/u/masalacandy on Swiggy instamart is total scamm,https://www.reddit.com/r/swiggy/comments/1rn8dby/swiggy_instamart_is_total_scamm/o9bdw2q/
,KandM_forever5687,,2026-02-18T13:55:08.000Z,t3_1r83mfj,reddit,,,r/swiggy,"Can&#39;t believe Swiggy processed a refund under 5 minutes... So I received an icecream tub, when I asked the delivery person, I&#39;m sure he noticed the weight difference but still gave it to me.....I was in a hurry so I quickly took the order and went to bring cash.....I still felt something odd and checked the icecream once only to find that it was already eaten and the seal was broken, disgusting. So I immediately launched a complaint and the support turned out to be amazing.I recieved the refund almost instantly. Rare case tbh. Anyway thanks for reading. Tldr : I received a half eaten icecream tub via Instamart and the refund process was extremely quick.  &#32; submitted by &#32;  /u/KandM_forever5687   [link] &#32; [comments]",,Surprisingly fast response of Instamart.....!,https://www.reddit.com/r/swiggy/comments/1r83mfj/surprisingly_fast_response_of_instamart/
,AutoModerator,,2026-02-18T13:55:08.000Z,t1_o61xhiv,reddit,,,r/swiggy,"Thank you for your post, u/KandM_forever5687! It is currently under review and will be public after quality check. You can help in the process. We are looking for moderators. If you hang in this sub a lot and feel a sense of community here; maybe you would like to be a mod? If your account is more than 6 months old, please fill this form. Swiggy employees and associates are not eligible to apply. I am a bot, and this action was performed automatically. Please contact the moderators of this subreddit if you have any questions or concerns.",,/u/AutoModerator on Surprisingly fast response of Instamart.....!,https://www.reddit.com/r/swiggy/comments/1r83mfj/surprisingly_fast_response_of_instamart/o61xhiv/
,141414ankith,,2026-02-18T17:43:09.000Z,t1_o639w18,reddit,,,r/swiggy,you are new to instamart ig,,/u/141414ankith on Surprisingly fast response of Instamart.....!,https://www.reddit.com/r/swiggy/comments/1r83mfj/surprisingly_fast_response_of_instamart/o639w18/
,KandM_forever5687,,2026-02-19T03:50:53.000Z,t1_o66ljvm,reddit,,,r/swiggy,Nope have been using it for a long time.,,/u/KandM_forever5687 on Surprisingly fast response of Instamart.....!,https://www.reddit.com/r/swiggy/comments/1r83mfj/surprisingly_fast_response_of_instamart/o66ljvm/
,TomorrowAdvanced2749,,2026-02-18T17:53:44.000Z,t1_o63cb34,reddit,,,r/swiggy,"I wouldn&#39;t call a coupon a refund, there&#39;s a huge difference. Always ask for refund to source, you can always use other coupons and save money, or you could spend this money on some other platform where some product might be cheaper, this money is now basically as good as you have given them.",,/u/TomorrowAdvanced2749 on Surprisingly fast response of Instamart.....!,https://www.reddit.com/r/swiggy/comments/1r83mfj/surprisingly_fast_response_of_instamart/o63cb34/
,No_Professor_8678,,2026-02-19T12:54:47.000Z,t1_o68fcox,reddit,,,r/swiggy,Yea. Agreed. Never accept coupons. Sometimes they aren&#39;t eligible on the thing you want to buy or you forget it exists and it expires. Always refund to source. Swiggy money isn&#39;t a bad option either.,,/u/No_Professor_8678 on Surprisingly fast response of Instamart.....!,https://www.reddit.com/r/swiggy/comments/1r83mfj/surprisingly_fast_response_of_instamart/o68fcox/
,SnooCauliflowers6134,,2026-02-18T18:32:29.000Z,t1_o63l8go,reddit,,,r/swiggy,He gave cash,,/u/SnooCauliflowers6134 on Surprisingly fast response of Instamart.....!,https://www.reddit.com/r/swiggy/comments/1r83mfj/surprisingly_fast_response_of_instamart/o63l8go/
,TomorrowAdvanced2749,,2026-02-18T18:43:42.000Z,t1_o63ns3o,reddit,,,r/swiggy,So? There&#39;s a process for this too. You can share account details and they&#39;ll provide a NEFT or RTGS transfer to the account.,,/u/TomorrowAdvanced2749 on Surprisingly fast response of Instamart.....!,https://www.reddit.com/r/swiggy/comments/1r83mfj/surprisingly_fast_response_of_instamart/o63ns3o/
,SnooCauliflowers6134,,2026-02-18T18:45:56.000Z,t1_o63oa7k,reddit,,,r/swiggy,"I know, it’s very lengthy process , not worth for small amounts",,/u/SnooCauliflowers6134 on Surprisingly fast response of Instamart.....!,https://www.reddit.com/r/swiggy/comments/1r83mfj/surprisingly_fast_response_of_instamart/o63oa7k/
,TomorrowAdvanced2749,,2026-02-18T18:49:06.000Z,t1_o63p0j1,reddit,,,r/swiggy,"Definitely, maybe for this, yes, but I put it as a general notice.",,/u/TomorrowAdvanced2749 on Surprisingly fast response of Instamart.....!,https://www.reddit.com/r/swiggy/comments/1r83mfj/surprisingly_fast_response_of_instamart/o63p0j1/
,CheetahIntelligent62,,2026-02-18T19:35:58.000Z,t1_o63zbyv,reddit,,,r/swiggy,You are thr first person I saw who chose coupon over money refund.,,/u/CheetahIntelligent62 on Surprisingly fast response of Instamart.....!,https://www.reddit.com/r/swiggy/comments/1r83mfj/surprisingly_fast_response_of_instamart/o63zbyv/
,KandM_forever5687,,2026-02-19T03:53:08.000Z,t1_o66lwof,reddit,,,r/swiggy,"Haha, well refund wouldn&#39;t be possible coz I paid cash....and I use Instamart frequently so it&#39;s not a big deal for me.",,/u/KandM_forever5687 on Surprisingly fast response of Instamart.....!,https://www.reddit.com/r/swiggy/comments/1r83mfj/surprisingly_fast_response_of_instamart/o66lwof/
,BooMxsi,,2026-02-19T06:29:12.000Z,t1_o6779xy,reddit,,,r/swiggy,To cash flipkart amazon etc ko bhi deta hoga cod mai waha bhi not possible hai kya refund 😂. Cod mai bhi refund aata hai instamart mai.,,/u/BooMxsi on Surprisingly fast response of Instamart.....!,https://www.reddit.com/r/swiggy/comments/1r83mfj/surprisingly_fast_response_of_instamart/o6779xy/
,KandM_forever5687,,2026-02-19T08:25:30.000Z,t1_o67k6th,reddit,,,r/swiggy,Acha merko nahi pata tha...thnx for the info tho.,,/u/KandM_forever5687 on Surprisingly fast response of Instamart.....!,https://www.reddit.com/r/swiggy/comments/1r83mfj/surprisingly_fast_response_of_instamart/o67k6th/
,AspectAdventurous420,,2026-02-19T02:15:05.000Z,t1_o665ivl,reddit,,,r/swiggy,Coupons are waste because now you cannot apply other coupons which will result in monetary loss,,/u/AspectAdventurous420 on Surprisingly fast response of Instamart.....!,https://www.reddit.com/r/swiggy/comments/1r83mfj/surprisingly_fast_response_of_instamart/o665ivl/
,endoud,,2026-02-19T03:52:25.000Z,t1_o66lsl3,reddit,,,r/swiggy,It&#39;s not always a loss. Some good restaurants don&#39;t provide any coupons. He can try out their dishes without feeling like suffering a loss because of this coupon.,,/u/endoud on Surprisingly fast response of Instamart.....!,https://www.reddit.com/r/swiggy/comments/1r83mfj/surprisingly_fast_response_of_instamart/o66lsl3/
,AspectAdventurous420,,2026-02-19T04:08:56.000Z,t1_o66od0u,reddit,,,r/swiggy,"Arey bhai jitna paisa diya utne ka hi to coupon mila to faayda kahan hua, aur jo tum keh rhe ho loss feel nhi hoga to kaise nhi hoga us restaurant se to pehle bhi wahi cheez wo le sakta tha real paise lagaakar abhi coupon se le lega, par jo ice cream usne pehle paa li thi &#39;x&#39; price pe ab wohi cheez &#39;x&#39; price pe nhi milegi to hogya na loss Tldr: tumhare jaiso ko chutiya banane ke liye hi coupon ka scheme nikaale hai wo log",,/u/AspectAdventurous420 on Surprisingly fast response of Instamart.....!,https://www.reddit.com/r/swiggy/comments/1r83mfj/surprisingly_fast_response_of_instamart/o66od0u/
,endoud,,2026-02-19T04:23:37.000Z,t1_o66qkym,reddit,,,r/swiggy,Growing up you realise not everything is about profit and loss,,/u/endoud on Surprisingly fast response of Instamart.....!,https://www.reddit.com/r/swiggy/comments/1r83mfj/surprisingly_fast_response_of_instamart/o66qkym/
,Kind_Impact_9375,,2026-02-19T05:43:46.000Z,t1_o671og2,reddit,,,r/swiggy,"When you lose an argument just insert a cool &quot;metaphor&quot; to make it look like &quot;Yes, I lost the argument yet I am the coolest person living chill life&quot; u/AspectAdventurous420 - Ignore him bro he won&#39;t understand he already lost the argument just like trying to look cool. Last but not the least, you both are dumbass cause OP ordered from Instamart and not food service. Even If uses the coupon there he will lose payment offers. and u/endoud If you don&#39;t much about saving money you can send them to me.",,/u/Kind_Impact_9375 on Surprisingly fast response of Instamart.....!,https://www.reddit.com/r/swiggy/comments/1r83mfj/surprisingly_fast_response_of_instamart/o671og2/
,AspectAdventurous420,,2026-02-19T05:48:58.000Z,t1_o672c7t,reddit,,,r/swiggy,Bhai tum baat ko kahi aur hi le jaa rhe ho,,/u/AspectAdventurous420 on Surprisingly fast response of Instamart.....!,https://www.reddit.com/r/swiggy/comments/1r83mfj/surprisingly_fast_response_of_instamart/o672c7t/
,sarvesh_s,,2026-02-19T05:31:33.000Z,t1_o6703t4,reddit,,,r/swiggy,Instamart pe coupons normally nahi hote,,/u/sarvesh_s on Surprisingly fast response of Instamart.....!,https://www.reddit.com/r/swiggy/comments/1r83mfj/surprisingly_fast_response_of_instamart/o6703t4/
,Swaalina_,,2026-04-11T09:22:05.000Z,t3_1siebx1,reddit,,,r/swiggy,"I started working as a Swiggy Instamart delivery partner because I wanted to earn some money for my college fees. My parents told me not to do this job, but I still wanted to try and stand on my own. Yesterday was my first day… and it didn’t go how I imagined at all. I reached the store around 12 PM and did 2 orders. From the beginning, some of the other delivery partners were looking at me in a strange way. When I came back after my second order, a group of around 7–8 guys surrounded me. They asked for my ID, and one of them even grabbed my phone from my hand. Then they told me I can’t work there because the area already has “full partners.” When I asked why the app is still hiring then, they said something like: “The app will keep hiring, but we won’t let you work here.” I didn’t really know what to say… but I still told them I’ll continue working. They just replied, “we’ll see.” After that, I tried to stay calm and finished a few more things, then went home around 2 PM. I kept thinking about it… whether I should go back or not. In the evening, I decided to go again. I didn’t want to give up on the first day itself. When I reached, everything felt the same. Same people, same looks. I did one order and sat inside waiting for another. At one point, I noticed some of them sitting on my bike outside. I felt something was off, but I ignored it. After some time, I got another order. I started my bike, and within seconds it started shaking badly. I almost lost control and hit a car. Then I checked and realized my tyre was completely punctured. At that moment, I just felt… helpless. I still had a customer’s order, so I somehow rode slowly for 3 km and delivered it. After that, I had to walk my bike all the way home. When I reached, I told my mom everything. She just said, “duniya boht kharab hai” and told me not to go there again. I don’t know… I just wanted to earn honestly and do something on my own. Didn’t expect my first day to feel like this. Now I’m just sitting here thinking if I should even go back. Has anyone else experienced something like this? Is this normal in delivery jobs?  &#32; submitted by &#32;  /u/Swaalina_   [link] &#32; [comments]",,First day as a delivery partner… and I don’t feel like going back anymore,https://www.reddit.com/r/swiggy/comments/1siebx1/first_day_as_a_delivery_partner_and_i_dont_feel/
,AutoModerator,,2026-04-11T09:22:05.000Z,t1_ofjgd3l,reddit,,,r/swiggy,"Thank you for your post, u/Swaalina_! It is currently under review and will be public after quality check. You can help in the process. We are looking for moderators. If you hang in this sub a lot and feel a sense of community here; maybe you would like to be a mod? If your account is more than 6 months old, please fill this form. Swiggy employees and associates are not eligible to apply. I am a bot, and this action was performed automatically. Please contact the moderators of this subreddit if you have any questions or concerns.",,/u/AutoModerator on First day as a delivery partner… and I don’t feel like going back anymore,https://www.reddit.com/r/swiggy/comments/1siebx1/first_day_as_a_delivery_partner_and_i_dont_feel/ofjgd3l/
,[deleted],,2026-04-11T10:41:38.000Z,t1_ofjpdfw,reddit,,,r/swiggy,[deleted],,/u/[deleted] on First day as a delivery partner… and I don’t feel like going back anymore,https://www.reddit.com/r/swiggy/comments/1siebx1/first_day_as_a_delivery_partner_and_i_dont_feel/ofjpdfw/
,ExcuseBorn9873,,2026-04-11T10:45:25.000Z,t1_ofjpu8f,reddit,,,r/swiggy,looks like tier 2 city,,/u/ExcuseBorn9873 on First day as a delivery partner… and I don’t feel like going back anymore,https://www.reddit.com/r/swiggy/comments/1siebx1/first_day_as_a_delivery_partner_and_i_dont_feel/ofjpu8f/
,Efficient-Crab-8886,,2026-04-11T17:49:55.000Z,t1_oflw63f,reddit,,,r/swiggy,"I feel like decathlon has the best staff ever, i hope they have good policies for staff",,/u/Efficient-Crab-8886 on First day as a delivery partner… and I don’t feel like going back anymore,https://www.reddit.com/r/swiggy/comments/1siebx1/first_day_as_a_delivery_partner_and_i_dont_feel/oflw63f/
,asta--liebe,,2026-04-12T06:59:27.000Z,t1_ofpjzdp,reddit,,,r/swiggy,"Bro i am ex decathlon employee, trust me we treat our employees much better . Although some store managers maybe strict in terms of your learning and your involvement but overall all decathlon stores are 10x better the typical retail stores",,/u/asta--liebe on First day as a delivery partner… and I don’t feel like going back anymore,https://www.reddit.com/r/swiggy/comments/1siebx1/first_day_as_a_delivery_partner_and_i_dont_feel/ofpjzdp/
,CartographerLess6168,,2026-04-12T15:39:50.000Z,t1_ofrpe9p,reddit,,,r/swiggy,hey sir please let me know how can i apply at decathlon,,/u/CartographerLess6168 on First day as a delivery partner… and I don’t feel like going back anymore,https://www.reddit.com/r/swiggy/comments/1siebx1/first_day_as_a_delivery_partner_and_i_dont_feel/ofrpe9p/
,asta--liebe,,2026-04-12T15:46:26.000Z,t1_ofrqupp,reddit,,,r/swiggy,"Bro it is very simple actually, visit your nearby decathlon and ask welcome desk for the recruitment details and vacancy, the store recruit only the for the vacancy in their store. Also don&#39;t stress about the interview in the final stage , just be yourself . They like people who have good social skills , have some experience in playi g sport ( you don&#39;t have to be a expertise in the sport , you just have to a passion over your sport ) Even if your english is not good and your selling abilities are not fantastic don&#39;t worry cuz they will always try to teach you and the teammates are always willing go a step beyond if you are ready 😉",,/u/asta--liebe on First day as a delivery partner… and I don’t feel like going back anymore,https://www.reddit.com/r/swiggy/comments/1siebx1/first_day_as_a_delivery_partner_and_i_dont_feel/ofrqupp/
,Akshat_2307,,2026-04-12T17:02:02.000Z,t1_ofs7biw,reddit,,,r/swiggy,how much do they pay and work hours ?,,/u/Akshat_2307 on First day as a delivery partner… and I don’t feel like going back anymore,https://www.reddit.com/r/swiggy/comments/1siebx1/first_day_as_a_delivery_partner_and_i_dont_feel/ofs7biw/
,asta--liebe,,2026-04-12T17:03:51.000Z,t1_ofs7q8l,reddit,,,r/swiggy,I will DM you,,/u/asta--liebe on First day as a delivery partner… and I don’t feel like going back anymore,https://www.reddit.com/r/swiggy/comments/1siebx1/first_day_as_a_delivery_partner_and_i_dont_feel/ofs7q8l/
,WoodenBreadfruit5911,,2026-04-13T09:27:27.000Z,t1_ofwom4y,reddit,,,r/swiggy,Can you dm me aswell pls?,,/u/WoodenBreadfruit5911 on First day as a delivery partner… and I don’t feel like going back anymore,https://www.reddit.com/r/swiggy/comments/1siebx1/first_day_as_a_delivery_partner_and_i_dont_feel/ofwom4y/
,LaughRemarkable226,,2026-04-13T09:57:31.000Z,t1_ofws117,reddit,,,r/swiggy,Please dm.me.as.well,,/u/LaughRemarkable226 on First day as a delivery partner… and I don’t feel like going back anymore,https://www.reddit.com/r/swiggy/comments/1siebx1/first_day_as_a_delivery_partner_and_i_dont_feel/ofws117/
,andimandibhenkilendi,,2026-04-13T14:33:52.000Z,t1_ofy223p,reddit,,,r/swiggy,Please can you dm me too,,/u/andimandibhenkilendi on First day as a delivery partner… and I don’t feel like going back anymore,https://www.reddit.com/r/swiggy/comments/1siebx1/first_day_as_a_delivery_partner_and_i_dont_feel/ofy223p/
,Loud_Seat9862,,2026-04-14T07:59:46.000Z,t1_og3d64w,reddit,,,r/swiggy,could u please send me a dm too,,/u/Loud_Seat9862 on First day as a delivery partner… and I don’t feel like going back anymore,https://www.reddit.com/r/swiggy/comments/1siebx1/first_day_as_a_delivery_partner_and_i_dont_feel/og3d64w/
,tictactoem,,2026-04-14T16:02:58.000Z,t1_og5l2n4,reddit,,,r/swiggy,hey can u dm me aswell,,/u/tictactoem on First day as a delivery partner… and I don’t feel like going back anymore,https://www.reddit.com/r/swiggy/comments/1siebx1/first_day_as_a_delivery_partner_and_i_dont_feel/og5l2n4/
,Osyrus191,,2026-04-13T13:10:39.000Z,t1_ofxl58u,reddit,,,r/swiggy,Could you please share with me also,,/u/Osyrus191 on First day as a delivery partner… and I don’t feel like going back anymore,https://www.reddit.com/r/swiggy/comments/1siebx1/first_day_as_a_delivery_partner_and_i_dont_feel/ofxl58u/
,CartographerLess6168,,2026-04-13T00:54:27.000Z,t1_ofus987,reddit,,,r/swiggy,I only did athletics in my school days would that be enough? Also thanx for replying,,/u/CartographerLess6168 on First day as a delivery partner… and I don’t feel like going back anymore,https://www.reddit.com/r/swiggy/comments/1siebx1/first_day_as_a_delivery_partner_and_i_dont_feel/ofus987/
,asta--liebe,,2026-04-13T08:05:54.000Z,t1_ofwfsn9,reddit,,,r/swiggy,Yeah as long as your are passionate abouts sports and have some knowledge about sport you are good to go,,/u/asta--liebe on First day as a delivery partner… and I don’t feel like going back anymore,https://www.reddit.com/r/swiggy/comments/1siebx1/first_day_as_a_delivery_partner_and_i_dont_feel/ofwfsn9/
,Few_Pause4939,,2026-04-13T13:59:39.000Z,t1_ofxurtl,reddit,,,r/swiggy,"Hey sir can you pls dm me more details? I have a friend who’s in need, this might really help him.",,/u/Few_Pause4939 on First day as a delivery partner… and I don’t feel like going back anymore,https://www.reddit.com/r/swiggy/comments/1siebx1/first_day_as_a_delivery_partner_and_i_dont_feel/ofxurtl/
,Creative-Judgment441,,2026-04-14T02:38:42.000Z,t1_og275qb,reddit,,,r/swiggy,"I live in Mumbai , I want to work for a few months to earn some money before college , can I dm you?",,/u/Creative-Judgment441 on First day as a delivery partner… and I don’t feel like going back anymore,https://www.reddit.com/r/swiggy/comments/1siebx1/first_day_as_a_delivery_partner_and_i_dont_feel/og275qb/
,sleepy0508,,2026-04-13T19:09:04.000Z,t1_ofzs8hp,reddit,,,r/swiggy,At least in Pune the decathlon staff is pathetic All college students filled with massive amounts of attitude as if their father is a multi millionaire and not that they have to work here cause they’re fucking broke,,/u/sleepy0508 on First day as a delivery partner… and I don’t feel like going back anymore,https://www.reddit.com/r/swiggy/comments/1siebx1/first_day_as_a_delivery_partner_and_i_dont_feel/ofzs8hp/
,Castrogen,,2026-05-21T10:11:24.000Z,t3_1tjg1uc,reddit,,,r/swiggy,"Yesterday around 2 PM, I placed a Swiggy Instamart grocery order worth around ₹550. Within about 20 minutes, the delivery partner marked the order as “delivered,” but I never received anything. I immediately contacted Swiggy support through chat and email. After waiting, this is the response I received from Instamart support: That’s it. No proof of delivery, no proper investigation, no attempt to verify with the delivery partner — just a straight refusal to refund. The delivery partner didn’t properly contact me before marking the order as delivered either. I checked nearby houses/buildings as well, but the groceries were nowhere to be found. What’s frustrating is that the email itself acknowledges the “unpleasant experience,” but they still refuse to refund for an order I never received. Paying ₹550 and then getting generic copy-paste replies honestly feels like a scam. Has anyone else faced this with Swiggy Instamart recently? What’s the best way to escalate this — consumer court, chargeback, social media escalation, or NCH complaint?  &#32; submitted by &#32;  /u/Castrogen   [link] &#32; [comments]",,Swiggy/ Instamart delivery fraud,https://www.reddit.com/r/swiggy/comments/1tjg1uc/swiggy_instamart_delivery_fraud/
,AutoModerator,,2026-05-21T10:11:24.000Z,t1_on12b0y,reddit,,,r/swiggy,"Thank you for your post, u/Castrogen! It is currently under review and will be public after quality check. You can help in the process. We are looking for moderators. If you hang in this sub a lot and feel a sense of community here; maybe you would like to be a mod? If your account is more than 6 months old, please fill this form. Swiggy employees and associates are not eligible to apply. I am a bot, and this action was performed automatically. Please contact the moderators of this subreddit if you have any questions or concerns.",,/u/AutoModerator on Swiggy/ Instamart delivery fraud,https://www.reddit.com/r/swiggy/comments/1tjg1uc/swiggy_instamart_delivery_fraud/on12b0y/
,Darkken2,,2026-05-21T12:53:47.000Z,t1_on1rpbe,reddit,,,r/swiggy,does the customer care know nothing other than saying no in 200 words,,/u/Darkken2 on Swiggy/ Instamart delivery fraud,https://www.reddit.com/r/swiggy/comments/1tjg1uc/swiggy_instamart_delivery_fraud/on1rpbe/
,[deleted],,2026-05-21T12:59:58.000Z,t1_on1suqj,reddit,,,r/swiggy,[deleted],,/u/[deleted] on Swiggy/ Instamart delivery fraud,https://www.reddit.com/r/swiggy/comments/1tjg1uc/swiggy_instamart_delivery_fraud/on1suqj/
,Castrogen,,2026-05-21T16:28:02.000Z,t1_on31i1r,reddit,,,r/swiggy,Let me try that,,/u/Castrogen on Swiggy/ Instamart delivery fraud,https://www.reddit.com/r/swiggy/comments/1tjg1uc/swiggy_instamart_delivery_fraud/on31i1r/
,Castrogen,,2026-05-21T16:47:45.000Z,t1_on35uta,reddit,,,r/swiggy,I don’t find their number anywhere online. Can you share?,,/u/Castrogen on Swiggy/ Instamart delivery fraud,https://www.reddit.com/r/swiggy/comments/1tjg1uc/swiggy_instamart_delivery_fraud/on35uta/
,Many-Hawk-1212,,2026-05-21T14:30:37.000Z,t1_on2bd5y,reddit,,,r/swiggy,Call them or else file a consumer complaint online through WhatsApp.,,/u/Many-Hawk-1212 on Swiggy/ Instamart delivery fraud,https://www.reddit.com/r/swiggy/comments/1tjg1uc/swiggy_instamart_delivery_fraud/on2bd5y/
,bendo_verson,,2026-05-21T15:38:39.000Z,t1_on2qfrx,reddit,,,r/swiggy,&quot;Hi Redmi&quot;,,/u/bendo_verson on Swiggy/ Instamart delivery fraud,https://www.reddit.com/r/swiggy/comments/1tjg1uc/swiggy_instamart_delivery_fraud/on2qfrx/
,AI_se_pehle_ke_prani,,2026-05-21T16:31:33.000Z,t1_on32a2e,reddit,,,r/swiggy,Wrf,,/u/AI_se_pehle_ke_prani on Swiggy/ Instamart delivery fraud,https://www.reddit.com/r/swiggy/comments/1tjg1uc/swiggy_instamart_delivery_fraud/on32a2e/
,Agreeable_Control725,,2026-05-22T05:07:02.000Z,t1_on6wodx,reddit,,,r/swiggy,Swiggy is a f*ckup company- ipo karke ab soch rahe government company hai,,/u/Agreeable_Control725 on Swiggy/ Instamart delivery fraud,https://www.reddit.com/r/swiggy/comments/1tjg1uc/swiggy_instamart_delivery_fraud/on6wodx/
,Disastrous-Equal-105,,2026-05-21T19:35:05.000Z,t1_on46q18,reddit,,,r/swiggy,Make a tweet with harsh Word on X. They will definitely resolve this. Add more drama like u hold Swiggy shares and will sell. Coz of this. Etc etc. They will definitely provide refund,,/u/Disastrous-Equal-105 on Swiggy/ Instamart delivery fraud,https://www.reddit.com/r/swiggy/comments/1tjg1uc/swiggy_instamart_delivery_fraud/on46q18/
,itskoustavdas,,2026-05-30T02:50:08.000Z,t3_1trnor3,reddit,,,r/FuckZepto,"Hi everyone, I’m working on a paper about what it actually costs to be a delivery rider right now. The apps show one thing, but I know the reality on the road is very different. I tried asking around at local dark stores, but I didn&#39;t get the real story. The only way to find the truth is to ask the people doing the hard work If you ride for Blinkit, Zepto, Instamart, or any similar app, please help me out by sharing your experience! The Numbers I Need: Could you share a quick breakdown from your app?  Few recent trips: How many kilometers was it? How many minutes did it actually take? What was the pay for that single trip? Your Totals (Daily or Weekly or Monthly):  Total orders completed Overall distance covered Your base trip pay &amp; your incentives/bonuses   How to share: Drop your numbers in the comments, DM me, or fill out this https://forms.gle/Kx2WVigN11iu96k57 to stay totally anonymous. Screenshots of your earnings are perfect too! The Unpaid Work (3 Quick Questions): The apps only pay from point A to point B. What about the rest?  Where do you ride? (City is fine. I&#39;m in West Bengal myself, but want to hear from everywhere!) Unpaid driving: How many extra kilometers do you drive per order that the app doesn&#39;t pay for? (Like riding back to the store). Unpaid time: How many extra minutes do you waste per order? (Waiting for the bag at the store, arguing with guards, finding the exact flat).  Beyond the money, I know this job is hard. The apps promise super-fast delivery, but how does that pressure affect you? My Google Form includes a few quick questions about stress, safety, and physical pain, because your health matters just as much as the money. Your answers will help show the public the real grind and what you actually take home at the end of the day. Thanks so much for your time, and stay safe out there! 🙏  &#32; submitted by &#32;  /u/itskoustavdas   [link] &#32; [comments]",,"Quick question for Blinkit, Zepto & Instamart riders! What are your real earnings and stress like?",https://www.reddit.com/r/FuckZepto/comments/1trnor3/quick_question_for_blinkit_zepto_instamart_riders/
,Aggressive_Age_4835,,2026-05-30T05:03:29.000Z,t1_oopi23c,reddit,,,r/FuckZepto,Packers will get 1 Rs per item they pick. Not sure about riders.,,"/u/Aggressive_Age_4835 on Quick question for Blinkit, Zepto & Instamart riders! What are your real earnings and stress like?",https://www.reddit.com/r/FuckZepto/comments/1trnor3/quick_question_for_blinkit_zepto_instamart_riders/oopi23c/
,Mysterious_Fold_2253,,2026-05-30T18:28:23.000Z,t1_oot0rlc,reddit,,,r/FuckZepto,"Noo they don&#39;t, I&#39;ve worked in Blinkit as a Packer and We get paid half a Rupee for every one Item soo 2 Items gives us 1₹ and 10 Items gives us 5₹ This is Such a Pathetic pay, I barely did it for a week then left",,"/u/Mysterious_Fold_2253 on Quick question for Blinkit, Zepto & Instamart riders! What are your real earnings and stress like?",https://www.reddit.com/r/FuckZepto/comments/1trnor3/quick_question_for_blinkit_zepto_instamart_riders/oot0rlc/
,Aggressive_Age_4835,,2026-05-31T02:46:49.000Z,t1_oovhzob,reddit,,,r/FuckZepto,Damn that&#39;s too low.. The 1 rupee per item is Zepto I think,,"/u/Aggressive_Age_4835 on Quick question for Blinkit, Zepto & Instamart riders! What are your real earnings and stress like?",https://www.reddit.com/r/FuckZepto/comments/1trnor3/quick_question_for_blinkit_zepto_instamart_riders/oovhzob/
,Mysterious_Fold_2253,,2026-05-31T06:30:37.000Z,t1_oowcmh4,reddit,,,r/FuckZepto,Yess Zepto atleast gives a Fair pay for Items Picked,,"/u/Mysterious_Fold_2253 on Quick question for Blinkit, Zepto & Instamart riders! What are your real earnings and stress like?",https://www.reddit.com/r/FuckZepto/comments/1trnor3/quick_question_for_blinkit_zepto_instamart_riders/oowcmh4/
,itskoustavdas,,2026-05-31T05:36:09.000Z,t1_oow64hr,reddit,,,r/FuckZepto,That is really low. Another person told me that searching for rare items can sometimes waste 5-10 minutes which must completely ruin your earnings. If you don&#39;t mind sharing roughly how many items were you able to pack in a typical hour?,,"/u/itskoustavdas on Quick question for Blinkit, Zepto & Instamart riders! What are your real earnings and stress like?",https://www.reddit.com/r/FuckZepto/comments/1trnor3/quick_question_for_blinkit_zepto_instamart_riders/oow64hr/
,Mysterious_Fold_2253,,2026-05-31T06:35:08.000Z,t1_oowd51a,reddit,,,r/FuckZepto,"Yess you&#39;re right, Sometimes rare Items literally waste your 1 or 2 mins which Ruins the Earning and we get Delayed  I remember once I had to Pick a Vibrator and Condom Early in the Morning (I used to do 8-10 Am shift) The Store F&#39;ing didn&#39;t have the Vibrator, I tried finding it soo much but I couldn&#39;t, I had to Report this to the Manager, He couldn&#39;t find it as well, Took my 5 Mins and my 5₹ 🤡 Yeahh the Store Deducted my Pay bcoz they didn&#39;t have it in their store which is apparently my Problem 🤡 On my First Dayy, I picked roughly 56 Items, Most of it were small and stuff like Milk, Bread, Paneer, Other dairy items etc..... like yk what people will order around this time, Very Few orders came without these things in it but yeahh, Soo 56 Items gave Mee 28 Rupees, 2 Hours of Hardwork only for 28₹ That&#39;s itt",,"/u/Mysterious_Fold_2253 on Quick question for Blinkit, Zepto & Instamart riders! What are your real earnings and stress like?",https://www.reddit.com/r/FuckZepto/comments/1trnor3/quick_question_for_blinkit_zepto_instamart_riders/oowd51a/
,itskoustavdas,,2026-05-30T16:39:25.000Z,t1_oosdnk3,reddit,,,r/FuckZepto,Thanks a lot.,,"/u/itskoustavdas on Quick question for Blinkit, Zepto & Instamart riders! What are your real earnings and stress like?",https://www.reddit.com/r/FuckZepto/comments/1trnor3/quick_question_for_blinkit_zepto_instamart_riders/oosdnk3/
,External_Hopes,,2026-05-31T11:42:15.000Z,t1_ooxdfzf,reddit,,,r/FuckZepto,"I am a rider at big basket, can I give my inputs?",,"/u/External_Hopes on Quick question for Blinkit, Zepto & Instamart riders! What are your real earnings and stress like?",https://www.reddit.com/r/FuckZepto/comments/1trnor3/quick_question_for_blinkit_zepto_instamart_riders/ooxdfzf/
,average_ladka,,2026-05-31T16:50:46.000Z,t1_ooyzetw,reddit,,,r/FuckZepto,Apka hi wait tha bhai btao,,"/u/average_ladka on Quick question for Blinkit, Zepto & Instamart riders! What are your real earnings and stress like?",https://www.reddit.com/r/FuckZepto/comments/1trnor3/quick_question_for_blinkit_zepto_instamart_riders/ooyzetw/
,DARKSIDE_HOOKER_1808,,2026-05-31T19:58:30.000Z,t1_op0349c,reddit,,,r/FuckZepto,Batao btao,,"/u/DARKSIDE_HOOKER_1808 on Quick question for Blinkit, Zepto & Instamart riders! What are your real earnings and stress like?",https://www.reddit.com/r/FuckZepto/comments/1trnor3/quick_question_for_blinkit_zepto_instamart_riders/op0349c/
,itskoustavdas,,2026-05-31T22:47:35.000Z,t1_op0zz1o,reddit,,,r/FuckZepto,Yes Absolutely,,"/u/itskoustavdas on Quick question for Blinkit, Zepto & Instamart riders! What are your real earnings and stress like?",https://www.reddit.com/r/FuckZepto/comments/1trnor3/quick_question_for_blinkit_zepto_instamart_riders/op0zz1o/
,External_Hopes,,2026-06-01T00:51:45.000Z,t1_op1kvob,reddit,,,r/FuckZepto,"I am a rider at Gulbarga, karnataka. Here at big basket we have a fixed amount per delivery of ₹35, for orders under 4 km. I do close to 30-35 orders a day and most of my deliveries are under 2km. I work for 12 hours a day.",,"/u/External_Hopes on Quick question for Blinkit, Zepto & Instamart riders! What are your real earnings and stress like?",https://www.reddit.com/r/FuckZepto/comments/1trnor3/quick_question_for_blinkit_zepto_instamart_riders/op1kvob/
,External_Hopes,,2026-06-01T01:00:40.000Z,t1_op1mbuq,reddit,,,r/FuckZepto,"Forgot to mention, 1. Total km travelled : ranges between 75-150 km 2. Incentive bonus are two types. Daily incentive is capped at 9 hours log in and 15 orders delivered gives ₹100. Second incentive is weekly Target of 120/150/190 orders giving you ₹600/800/1200.  Unpaid work. 1. After every delivery getting back to store i.e half of total distance traveled. 2. Somedays the order flow is less and I need to stretch from 12-16 hours to make 30 orders 3. We don&#39;t have any guards, nothing to check at the store, just pick the bag and move. At the delivery location we need to check the items and capture a picture this usually takes few seconds when items are less to minutes when items are more than 15.",,"/u/External_Hopes on Quick question for Blinkit, Zepto & Instamart riders! What are your real earnings and stress like?",https://www.reddit.com/r/FuckZepto/comments/1trnor3/quick_question_for_blinkit_zepto_instamart_riders/op1mbuq/
,itskoustavdas,,2026-06-01T02:43:12.000Z,t1_op22phh,reddit,,,r/FuckZepto,That was very helpful. Thanks a lot. 🙏,,"/u/itskoustavdas on Quick question for Blinkit, Zepto & Instamart riders! What are your real earnings and stress like?",https://www.reddit.com/r/FuckZepto/comments/1trnor3/quick_question_for_blinkit_zepto_instamart_riders/op22phh/
,Town_grocer,,2026-05-30T17:37:07.000Z,t1_oospzlm,reddit,,,r/FuckZepto,Waiting for the next update here on the answers you got.,,"/u/Town_grocer on Quick question for Blinkit, Zepto & Instamart riders! What are your real earnings and stress like?",https://www.reddit.com/r/FuckZepto/comments/1trnor3/quick_question_for_blinkit_zepto_instamart_riders/oospzlm/
,itskoustavdas,,2026-05-31T05:31:44.000Z,t1_oow5l3o,reddit,,,r/FuckZepto,I’ll be sharing the report as soon as it’s done. The early results are already quite interesting.,,"/u/itskoustavdas on Quick question for Blinkit, Zepto & Instamart riders! What are your real earnings and stress like?",https://www.reddit.com/r/FuckZepto/comments/1trnor3/quick_question_for_blinkit_zepto_instamart_riders/oow5l3o/
,Mysterious_Fold_2253,,2026-05-30T18:29:42.000Z,t1_oot11ui,reddit,,,r/FuckZepto,RemindMe! 2 hours,,"/u/Mysterious_Fold_2253 on Quick question for Blinkit, Zepto & Instamart riders! What are your real earnings and stress like?",https://www.reddit.com/r/FuckZepto/comments/1trnor3/quick_question_for_blinkit_zepto_instamart_riders/oot11ui/
,RemindMeBot,,2026-05-30T18:30:30.000Z,t1_oot17rc,reddit,,,r/FuckZepto,I will be messaging you in 2 hours on 2026-05-30 20:29:42 UTC to remind you of this link CLICK THIS LINK to send a PM to also be reminded and to reduce spam. Parent commenter can  delete this message to hide from others.    Info Custom Your Reminders Feedback,,"/u/RemindMeBot on Quick question for Blinkit, Zepto & Instamart riders! What are your real earnings and stress like?",https://www.reddit.com/r/FuckZepto/comments/1trnor3/quick_question_for_blinkit_zepto_instamart_riders/oot17rc/
,newbie__02,,2025-12-02T02:06:34.000Z,t3_1pbw2yk,reddit,,,r/swiggy,"Hi All, I&#39;m a underpaid Engineer looking for a side hustle. And i came across Swiggy and swiggy instamart delivery jobs. Now i want to know from someone who works as a delivery partner in Banglore. Please tell me practically how much can i earn if i do work as a delivery partner for 4 hours in a day.  &#32; submitted by &#32;  /u/newbie__02   [link] &#32; [comments]",,Swiggy instamart Delivery,https://www.reddit.com/r/swiggy/comments/1pbw2yk/swiggy_instamart_delivery/
,AutoModerator,,2025-12-02T02:06:35.000Z,t1_nrtdr65,reddit,,,r/swiggy,"Thank you for your post, u/newbie__02! It is currently under review and will be public after quality check. You can help in the process. We are looking for moderators. If you hang in this sub a lot and feel a sense of community here; maybe you would like to be a mod? If your account is more than 6 months old, please fill this form. Swiggy employees and associates are not eligible to apply. I am a bot, and this action was performed automatically. Please contact the moderators of this subreddit if you have any questions or concerns.",,/u/AutoModerator on Swiggy instamart Delivery,https://www.reddit.com/r/swiggy/comments/1pbw2yk/swiggy_instamart_delivery/nrtdr65/
,sexyyscientist,,2025-12-02T06:11:10.000Z,t1_nrudyzb,reddit,,,r/swiggy,₹300 on a normal day with a range of ₹200 - 600,,/u/sexyyscientist on Swiggy instamart Delivery,https://www.reddit.com/r/swiggy/comments/1pbw2yk/swiggy_instamart_delivery/nrudyzb/
,[deleted],,2025-12-06T10:59:27.000Z,t1_nskrx1m,reddit,,,r/swiggy,Is this your side hustle or main gig?,,/u/[deleted] on Swiggy instamart Delivery,https://www.reddit.com/r/swiggy/comments/1pbw2yk/swiggy_instamart_delivery/nskrx1m/
,newbie__02,,2025-12-02T02:13:11.000Z,t1_nrtevl0,reddit,,,r/swiggy,Any suggestion or insight would be appriciated.,,/u/newbie__02 on Swiggy instamart Delivery,https://www.reddit.com/r/swiggy/comments/1pbw2yk/swiggy_instamart_delivery/nrtevl0/
,uhhhhdawg,,2025-12-02T18:40:28.000Z,t1_nrxguit,reddit,,,r/swiggy,Side hustle will be good but you have to work for 4 hours atleast to get serious income someone told me once,,/u/uhhhhdawg on Swiggy instamart Delivery,https://www.reddit.com/r/swiggy/comments/1pbw2yk/swiggy_instamart_delivery/nrxguit/
,TechnicalProduce6009,,2025-12-05T08:41:38.000Z,t1_nse7o0a,reddit,,,r/swiggy,What if I don&#39;t know driving? Can I get in for support executive?,,/u/TechnicalProduce6009 on Swiggy instamart Delivery,https://www.reddit.com/r/swiggy/comments/1pbw2yk/swiggy_instamart_delivery/nse7o0a/
,BikeDriver0001,,2025-12-06T08:08:33.000Z,t1_nskb89c,reddit,,,r/swiggy,F**k Swiggy zomato  Best side hustle is Rapido or Uber  Just complete the ride a get money in your own QR/ UPI In Swiggy/zomato u have to follow many rules... Click selfie with bag / tshirt.. can&#39;t rest between orders... Can&#39;t cancel orders In rapido u can accept or reject any order as per your wish.. u can be online whenever u want... Swiggy will call u daily for getting online Lastly about earning... U can earn upto 300/400 per hour early morning,,/u/BikeDriver0001 on Swiggy instamart Delivery,https://www.reddit.com/r/swiggy/comments/1pbw2yk/swiggy_instamart_delivery/nskb89c/
,newbie__02,,2025-12-12T11:55:59.000Z,t1_ntmqllh,reddit,,,r/swiggy,Thanks bro really helpful,,/u/newbie__02 on Swiggy instamart Delivery,https://www.reddit.com/r/swiggy/comments/1pbw2yk/swiggy_instamart_delivery/ntmqllh/
,Visual_Blueberry8827,,2025-12-12T11:52:30.000Z,t1_ntmq5p3,reddit,,,r/swiggy,"To be frank, as an Instamart delivery person you would only earn around 100 rs per hour on average. If you work for about 7 hours, you would hit a required trip count to qualify for incentives. With those incentives included, you can make roughly 1,000 a day.",,/u/Visual_Blueberry8827 on Swiggy instamart Delivery,https://www.reddit.com/r/swiggy/comments/1pbw2yk/swiggy_instamart_delivery/ntmq5p3/
,Visual_Blueberry8827,,2025-12-12T11:52:46.000Z,t1_ntmq6yh,reddit,,,r/swiggy,"There’s also a learning curve. Some people manage to complete around 50 rides in 12 hours, and they end up earning more than 2 - 2.5 k a day.",,/u/Visual_Blueberry8827 on Swiggy instamart Delivery,https://www.reddit.com/r/swiggy/comments/1pbw2yk/swiggy_instamart_delivery/ntmq6yh/
,FrostyAd8581,,2026-05-19T04:01:40.000Z,t1_omlytxj,reddit,,,r/swiggy,50 rides per day possible in 12 hours will everybody get those 50 order per day ?,,/u/FrostyAd8581 on Swiggy instamart Delivery,https://www.reddit.com/r/swiggy/comments/1pbw2yk/swiggy_instamart_delivery/omlytxj/
,OptimalTalk388,,2026-03-08T04:51:16.000Z,t3_1rnvm99,reddit,,,r/swiggy,"I was working as delivery partner in Instamart. What i noticed Instamart will announce fake surge bonus, max bonus. If bonus is more earning delivery will be less. If bonus is low earning delivery will be high. Moreover payment will be same in bonus or surge. They just make fake announcement bonus, two screenshots attached.  &#32; submitted by &#32;  /u/OptimalTalk388   [link] &#32; [comments]",,Swiggy Instamart will fraud his partner,https://www.reddit.com/r/swiggy/comments/1rnvm99/swiggy_instamart_will_fraud_his_partner/
,AutoModerator,,2026-03-08T04:51:16.000Z,t1_o99l2pf,reddit,,,r/swiggy,"Thank you for your post, u/OptimalTalk388! It is currently under review and will be public after quality check. You can help in the process. We are looking for moderators. If you hang in this sub a lot and feel a sense of community here; maybe you would like to be a mod? If your account is more than 6 months old, please fill this form. Swiggy employees and associates are not eligible to apply. I am a bot, and this action was performed automatically. Please contact the moderators of this subreddit if you have any questions or concerns.",,/u/AutoModerator on Swiggy Instamart will fraud his partner,https://www.reddit.com/r/swiggy/comments/1rnvm99/swiggy_instamart_will_fraud_his_partner/o99l2pf/
,masalacandy,,2026-03-08T11:57:10.000Z,t1_o9axegg,reddit,,,r/swiggy,50 rs per delivery is good this is better than blinkit college students can earn decent as part time by doing 10-15 delivering in evening or night in bengalore many guys are already doing it part-time only problem will be for those who do it full time or if company pay lesser per delivery 💀💀💀,,/u/masalacandy on Swiggy Instamart will fraud his partner,https://www.reddit.com/r/swiggy/comments/1rnvm99/swiggy_instamart_will_fraud_his_partner/o9axegg/
,Complex_Marketing_10,,2026-03-08T11:45:06.000Z,t1_o9aw0mi,reddit,,,r/swiggy,Looting both From customers and riders,,/u/Complex_Marketing_10 on Swiggy Instamart will fraud his partner,https://www.reddit.com/r/swiggy/comments/1rnvm99/swiggy_instamart_will_fraud_his_partner/o9aw0mi/
,masalacandy,,2026-03-08T11:54:13.000Z,t1_o9ax1yt,reddit,,,r/swiggy,And I am addicted to instamart 🙃🙃🥲 I ordered 5kg flour sac 6-7 times refined oil 11 times,,/u/masalacandy on Swiggy Instamart will fraud his partner,https://www.reddit.com/r/swiggy/comments/1rnvm99/swiggy_instamart_will_fraud_his_partner/o9ax1yt/
,oppositeelectrons,,2026-03-08T12:47:47.000Z,t1_o9b3s33,reddit,,,r/swiggy,6-7 times?😭,,/u/oppositeelectrons on Swiggy Instamart will fraud his partner,https://www.reddit.com/r/swiggy/comments/1rnvm99/swiggy_instamart_will_fraud_his_partner/o9b3s33/
,masalacandy,,2026-03-08T12:54:32.000Z,t1_o9b4pzs,reddit,,,r/swiggy,😞😞😭 haa discount pr bech rahaa thaa infact flour is my favourite thing to order from Instamart,,/u/masalacandy on Swiggy Instamart will fraud his partner,https://www.reddit.com/r/swiggy/comments/1rnvm99/swiggy_instamart_will_fraud_his_partner/o9b4pzs/
,sexyyscientist,,2026-03-09T04:09:02.000Z,t1_o9fn3dc,reddit,,,r/swiggy,I curse max to people who order flour bags and water cans. 🙃,,/u/sexyyscientist on Swiggy Instamart will fraud his partner,https://www.reddit.com/r/swiggy/comments/1rnvm99/swiggy_instamart_will_fraud_his_partner/o9fn3dc/
,masalacandy,,2026-03-09T04:11:33.000Z,t1_o9fnfbr,reddit,,,r/swiggy,Kirana wala discount nhi deta mrp pr bexhra hain 😭,,/u/masalacandy on Swiggy Instamart will fraud his partner,https://www.reddit.com/r/swiggy/comments/1rnvm99/swiggy_instamart_will_fraud_his_partner/o9fnfbr/
,sexyyscientist,,2026-03-09T06:14:06.000Z,t1_o9g1q4f,reddit,,,r/swiggy,"Go to D-Mart, Reliance Smart, or something.🙏🏽",,/u/sexyyscientist on Swiggy Instamart will fraud his partner,https://www.reddit.com/r/swiggy/comments/1rnvm99/swiggy_instamart_will_fraud_his_partner/o9g1q4f/
,masalacandy,,2026-03-09T06:32:14.000Z,t1_o9g3m3v,reddit,,,r/swiggy,I don&#39;t have option dude the dmart and 3 km backside and reliance smart bazar is 4-5 km plus both no longer give much offers kirana ones are most arrogant infact we are mutual with only one kirana store guy since 15+ years,,/u/masalacandy on Swiggy Instamart will fraud his partner,https://www.reddit.com/r/swiggy/comments/1rnvm99/swiggy_instamart_will_fraud_his_partner/o9g3m3v/
,sexyyscientist,,2026-03-09T06:35:56.000Z,t1_o9g3zqt,reddit,,,r/swiggy,"I carry instamart orders 4-5 km **all the time**. If you don&#39;t want to carry, it&#39;s okay. I will deliver anyway.",,/u/sexyyscientist on Swiggy Instamart will fraud his partner,https://www.reddit.com/r/swiggy/comments/1rnvm99/swiggy_instamart_will_fraud_his_partner/o9g3zqt/
,masalacandy,,2026-03-09T07:08:07.000Z,t1_o9g7bcy,reddit,,,r/swiggy,There were many instances when I brought lot of stuff back then from reliance or other local stores (in delhi like Raj mandir) but it was never worth it because I don&#39;t have vehicle to carry public transport is overcrowded hence i shifted highly to quick commerce,,/u/masalacandy on Swiggy Instamart will fraud his partner,https://www.reddit.com/r/swiggy/comments/1rnvm99/swiggy_instamart_will_fraud_his_partner/o9g7bcy/
,sexyyscientist,,2026-03-09T08:05:17.000Z,t1_o9gcyoi,reddit,,,r/swiggy,"When I buy a lot of stuff from D-mart, I also use public transport.",,/u/sexyyscientist on Swiggy Instamart will fraud his partner,https://www.reddit.com/r/swiggy/comments/1rnvm99/swiggy_instamart_will_fraud_his_partner/o9gcyoi/
,[deleted],,2026-03-09T14:35:58.000Z,t1_o9hsrm4,reddit,,,r/swiggy,[deleted],,/u/[deleted] on Swiggy Instamart will fraud his partner,https://www.reddit.com/r/swiggy/comments/1rnvm99/swiggy_instamart_will_fraud_his_partner/o9hsrm4/
,swiggy-ModTeam,,2026-03-09T16:35:05.000Z,t1_o9igqr1,reddit,,,r/swiggy,This comment uses explicit language and is disrespectful to the fellow redditers.,,/u/swiggy-ModTeam on Swiggy Instamart will fraud his partner,https://www.reddit.com/r/swiggy/comments/1rnvm99/swiggy_instamart_will_fraud_his_partner/o9igqr1/
,chubbypetals,,2026-03-08T17:02:44.000Z,t1_o9cd4v6,reddit,,,r/swiggy,In bkl k liye rules nhi banaye h na govt ne isliye bkchdi se baaz nhi aa rhe,,/u/chubbypetals on Swiggy Instamart will fraud his partner,https://www.reddit.com/r/swiggy/comments/1rnvm99/swiggy_instamart_will_fraud_his_partner/o9cd4v6/
,Local_Brilliant6612,,2026-03-08T15:31:52.000Z,t1_o9bv9uh,reddit,,,r/swiggy,It depends on the items that they are delivering not the km or weight,,/u/Local_Brilliant6612 on Swiggy Instamart will fraud his partner,https://www.reddit.com/r/swiggy/comments/1rnvm99/swiggy_instamart_will_fraud_his_partner/o9bv9uh/
,sexyyscientist,,2026-03-09T04:07:12.000Z,t1_o9fmujw,reddit,,,r/swiggy,There&#39;s big order bonus separately for the case you&#39;re referring.,,/u/sexyyscientist on Swiggy Instamart will fraud his partner,https://www.reddit.com/r/swiggy/comments/1rnvm99/swiggy_instamart_will_fraud_his_partner/o9fmujw/
,Shubh170221,,2026-01-15T20:26:01.000Z,t3_1qduqx9,reddit,,,r/swiggy,"Last night in Kolkata, I ordered Maggi and eggs from Swiggy Instamart. Along with my order, the delivery partner handed me books titled “Why Islam” and some other religious material. I did not ask for any such content, and this made me uncomfortable. A food delivery service should stay neutral and professional. Using customer orders to distribute religious material feels inappropriate. Has anyone else faced something like this? Is this allowed under Swiggy’s delivery policies? I’ve reported it to Swiggy support.  &#32; submitted by &#32;  /u/Shubh170221   [link] &#32; [comments]",,Kolkata: Swiggy Instamart delivery partner gave religious books with my order,https://www.reddit.com/r/swiggy/comments/1qduqx9/kolkata_swiggy_instamart_delivery_partner_gave/
,AutoModerator,,2026-01-15T20:26:01.000Z,t1_nzskirj,reddit,,,r/swiggy,"Thank you for your post, u/Shubh170221! It is currently under review and will be public after quality check. You can help in the process. We are looking for moderators. If you hang in this sub a lot and feel a sense of community here; maybe you would like to be a mod? If your account is more than 6 months old, please fill this form. Swiggy employees and associates are not eligible to apply. I am a bot, and this action was performed automatically. Please contact the moderators of this subreddit if you have any questions or concerns.",,/u/AutoModerator on Kolkata: Swiggy Instamart delivery partner gave religious books with my order,https://www.reddit.com/r/swiggy/comments/1qduqx9/kolkata_swiggy_instamart_delivery_partner_gave/nzskirj/
,EducationalPepper310,,2026-01-16T05:41:59.000Z,t1_nzvearf,reddit,,,r/swiggy,This is gonna get viral and it&#39;s gonna be on the news 😂😂😂,,/u/EducationalPepper310 on Kolkata: Swiggy Instamart delivery partner gave religious books with my order,https://www.reddit.com/r/swiggy/comments/1qduqx9/kolkata_swiggy_instamart_delivery_partner_gave/nzvearf/
,Rezzolives98,,2026-01-16T03:29:23.000Z,t1_nzutx72,reddit,,,r/swiggy,Post in X with delivery person details and pics,,/u/Rezzolives98 on Kolkata: Swiggy Instamart delivery partner gave religious books with my order,https://www.reddit.com/r/swiggy/comments/1qduqx9/kolkata_swiggy_instamart_delivery_partner_gave/nzutx72/
,Shubh170221,,2026-01-16T06:11:52.000Z,t1_nzvi8wj,reddit,,,r/swiggy,"I want to check the delivery partner details, but they are not visible after I gave a 1-star rating. From where can I access that information?",,/u/Shubh170221 on Kolkata: Swiggy Instamart delivery partner gave religious books with my order,https://www.reddit.com/r/swiggy/comments/1qduqx9/kolkata_swiggy_instamart_delivery_partner_gave/nzvi8wj/
,lost_beluga,,2026-01-16T07:54:16.000Z,t1_nzvuexf,reddit,,,r/swiggy,https://preview.redd.it/92yubj9b3odg1.png?width=1080&amp;format=png&amp;auto=webp&amp;s=33c9c0e185fa0abe2d62997c4a6a1aafd12ffbcf You can go to history and click on the recent one.,,/u/lost_beluga on Kolkata: Swiggy Instamart delivery partner gave religious books with my order,https://www.reddit.com/r/swiggy/comments/1qduqx9/kolkata_swiggy_instamart_delivery_partner_gave/nzvuexf/
,anonymous_cat_0,,2026-01-16T07:46:25.000Z,t1_nzvtj8l,reddit,,,r/swiggy,Swiggy people should be able to find that with ur orderid,,/u/anonymous_cat_0 on Kolkata: Swiggy Instamart delivery partner gave religious books with my order,https://www.reddit.com/r/swiggy/comments/1qduqx9/kolkata_swiggy_instamart_delivery_partner_gave/nzvtj8l/
,[deleted],,2026-01-16T03:59:28.000Z,t1_nzuyyyw,reddit,,,r/swiggy,[deleted],,/u/[deleted] on Kolkata: Swiggy Instamart delivery partner gave religious books with my order,https://www.reddit.com/r/swiggy/comments/1qduqx9/kolkata_swiggy_instamart_delivery_partner_gave/nzuyyyw/
,higheaded_blackhole,,2026-01-16T04:21:04.000Z,t1_nzv2eq0,reddit,,,r/swiggy,👌😆😆🤣🤣😂😂😂😂,,/u/higheaded_blackhole on Kolkata: Swiggy Instamart delivery partner gave religious books with my order,https://www.reddit.com/r/swiggy/comments/1qduqx9/kolkata_swiggy_instamart_delivery_partner_gave/nzv2eq0/
,jackass93269,,2026-01-16T05:40:49.000Z,t1_nzve53l,reddit,,,r/swiggy,Probably added by delivery executive. Raise a complaint if it made you feel uncomfortable.,,/u/jackass93269 on Kolkata: Swiggy Instamart delivery partner gave religious books with my order,https://www.reddit.com/r/swiggy/comments/1qduqx9/kolkata_swiggy_instamart_delivery_partner_gave/nzve53l/
,MIKU-SIMPSS,,2026-01-16T04:00:59.000Z,t1_nzuz7qu,reddit,,,r/swiggy,Wtf this is so wrong ..,,/u/MIKU-SIMPSS on Kolkata: Swiggy Instamart delivery partner gave religious books with my order,https://www.reddit.com/r/swiggy/comments/1qduqx9/kolkata_swiggy_instamart_delivery_partner_gave/nzuz7qu/
,Ambitious-Upstairs90,,2026-01-16T07:27:20.000Z,t1_nzvrcxm,reddit,,,r/swiggy,Share screenshots as evidence (hide information partially to avoid breaching rules). Definitely not the right approach.,,/u/Ambitious-Upstairs90 on Kolkata: Swiggy Instamart delivery partner gave religious books with my order,https://www.reddit.com/r/swiggy/comments/1qduqx9/kolkata_swiggy_instamart_delivery_partner_gave/nzvrcxm/
,Shubh170221,,2026-01-16T07:40:55.000Z,t1_nzvswtv,reddit,,,r/swiggy,Okay,,/u/Shubh170221 on Kolkata: Swiggy Instamart delivery partner gave religious books with my order,https://www.reddit.com/r/swiggy/comments/1qduqx9/kolkata_swiggy_instamart_delivery_partner_gave/nzvswtv/
,fightwallah,,2026-01-16T05:58:24.000Z,t1_nzvgi8r,reddit,,,r/swiggy,Wtf.... Did you complain?,,/u/fightwallah on Kolkata: Swiggy Instamart delivery partner gave religious books with my order,https://www.reddit.com/r/swiggy/comments/1qduqx9/kolkata_swiggy_instamart_delivery_partner_gave/nzvgi8r/
,Shubh170221,,2026-01-16T06:15:07.000Z,t1_nzvinu0,reddit,,,r/swiggy,"Yeah , and they asked me for refund or replacement.",,/u/Shubh170221 on Kolkata: Swiggy Instamart delivery partner gave religious books with my order,https://www.reddit.com/r/swiggy/comments/1qduqx9/kolkata_swiggy_instamart_delivery_partner_gave/nzvinu0/
,fightwallah,,2026-01-16T08:30:13.000Z,t1_nzvyeio,reddit,,,r/swiggy,Lololol.... Like they&#39;ll send Gita or Bible?,,/u/fightwallah on Kolkata: Swiggy Instamart delivery partner gave religious books with my order,https://www.reddit.com/r/swiggy/comments/1qduqx9/kolkata_swiggy_instamart_delivery_partner_gave/nzvyeio/
,pandu890,,2026-01-16T03:48:05.000Z,t1_nzux3gf,reddit,,,r/swiggy,"Post on x , tag swiggy",,/u/pandu890 on Kolkata: Swiggy Instamart delivery partner gave religious books with my order,https://www.reddit.com/r/swiggy/comments/1qduqx9/kolkata_swiggy_instamart_delivery_partner_gave/nzux3gf/
,Deepesh_Ramnani,,2026-01-16T04:49:18.000Z,t1_nzv6pwi,reddit,,,r/swiggy,Free toilet paper!,,/u/Deepesh_Ramnani on Kolkata: Swiggy Instamart delivery partner gave religious books with my order,https://www.reddit.com/r/swiggy/comments/1qduqx9/kolkata_swiggy_instamart_delivery_partner_gave/nzv6pwi/
,akshat207,,2025-08-06T04:46:40.000Z,t3_1miviea,reddit,,,r/developersIndia,"I originally built Comparify to compare prices and delivery times between Blinkit, Zepto, and Instamart, mainly because I was tired of overpaying for everyday groceries. Just added a new feature that might be even more useful: You can now compare real-time cab fares across Uber, Ola, Rapido, and Namma Yatri, showing your actual account prices including any offers. No more switching between apps. Comparify shows all fares in one place, and you can tap to book - it deep-links to the selected app with pickup &amp; drop pre-filled. Why does it ask you to log in? All these services show account-specific prices, which depend on:  your location any active offers/coupons wallet credits surge pricing  To show accurate prices, Comparify logs you into each service on your device only. Login sessions are securely stored locally on your device and used only to fetch prices. Tech Stack:  Frontend: Expo (React Native) Styling: NativeWind (TailwindCSS for React Native) Backend/API layer: Cloudflare Workers Analytics: PostHog  Would love to hear your feedback! Play Store Website for iOS users  &#32; submitted by &#32;  /u/akshat207   [link] &#32; [comments]",,"Built a free app to compare real-time cab fares (Uber, Ola, Rapido, Namma Yatri) and groceries (Blinkit, Zepto, Instamart) - all in one place",https://www.reddit.com/r/developersIndia/comments/1miviea/built_a_free_app_to_compare_realtime_cab_fares/
,coolsid_5,,2025-08-06T07:28:13.000Z,t1_n76xg1t,reddit,,,r/developersIndia,How are you getting the data? Are those API free ? Can we use those api for commercial purposes?,,"/u/coolsid_5 on Built a free app to compare real-time cab fares (Uber, Ola, Rapido, Namma Yatri) and groceries (Blinkit, Zepto, Instamart) - all in one place",https://www.reddit.com/r/developersIndia/comments/1miviea/built_a_free_app_to_compare_realtime_cab_fares/n76xg1t/
,[deleted],,2025-08-06T07:29:34.000Z,t1_n76xlcr,reddit,,,r/developersIndia,[deleted],,"/u/[deleted] on Built a free app to compare real-time cab fares (Uber, Ola, Rapido, Namma Yatri) and groceries (Blinkit, Zepto, Instamart) - all in one place",https://www.reddit.com/r/developersIndia/comments/1miviea/built_a_free_app_to_compare_realtime_cab_fares/n76xlcr/
,clutch-cream-run,,2025-08-06T07:36:53.000Z,t1_n76yd84,reddit,,,r/developersIndia,You mean frontend automation? Or did you somehow extract the APIs being called by the apps themselves?,,"/u/clutch-cream-run on Built a free app to compare real-time cab fares (Uber, Ola, Rapido, Namma Yatri) and groceries (Blinkit, Zepto, Instamart) - all in one place",https://www.reddit.com/r/developersIndia/comments/1miviea/built_a_free_app_to_compare_realtime_cab_fares/n76yd84/
,vgodara,,2025-08-06T08:41:07.000Z,t1_n77547j,reddit,,,r/developersIndia,It&#39;s very easy to get api. Just use http inspector. You can see all the api call.,,"/u/vgodara on Built a free app to compare real-time cab fares (Uber, Ola, Rapido, Namma Yatri) and groceries (Blinkit, Zepto, Instamart) - all in one place",https://www.reddit.com/r/developersIndia/comments/1miviea/built_a_free_app_to_compare_realtime_cab_fares/n77547j/
,Warlock2111,,2025-08-06T08:59:09.000Z,t1_n7771ld,reddit,,,r/developersIndia,You do realise the apis are protected via cookies or access token? He can’t just use it like a static access token (since it’s burned after a threshold and you have to login again).,,"/u/Warlock2111 on Built a free app to compare real-time cab fares (Uber, Ola, Rapido, Namma Yatri) and groceries (Blinkit, Zepto, Instamart) - all in one place",https://www.reddit.com/r/developersIndia/comments/1miviea/built_a_free_app_to_compare_realtime_cab_fares/n7771ld/
,ummhmm-x,,2025-08-06T10:55:14.000Z,t1_n77k6ba,reddit,,,r/developersIndia,You can just rotate accounts bro. Logging in and saving an access or JWT ain&#39;t that hard. You could have 10 session keys with a counter that adds 1 everytime a request is made using it. With every request you use the session with lowest number of count.,,"/u/ummhmm-x on Built a free app to compare real-time cab fares (Uber, Ola, Rapido, Namma Yatri) and groceries (Blinkit, Zepto, Instamart) - all in one place",https://www.reddit.com/r/developersIndia/comments/1miviea/built_a_free_app_to_compare_realtime_cab_fares/n77k6ba/
,TheExclusiveNig,,2025-08-06T11:10:15.000Z,t1_n77m62v,reddit,,,r/developersIndia,How does a solution like that scale?,,"/u/TheExclusiveNig on Built a free app to compare real-time cab fares (Uber, Ola, Rapido, Namma Yatri) and groceries (Blinkit, Zepto, Instamart) - all in one place",https://www.reddit.com/r/developersIndia/comments/1miviea/built_a_free_app_to_compare_realtime_cab_fares/n77m62v/
,irrregularHeartbeat,,2025-08-06T12:32:07.000Z,t1_n77yik8,reddit,,,r/developersIndia,It doesn&#39;t. Your app will break anytime they change their api or rate limit your account.,,"/u/irrregularHeartbeat on Built a free app to compare real-time cab fares (Uber, Ola, Rapido, Namma Yatri) and groceries (Blinkit, Zepto, Instamart) - all in one place",https://www.reddit.com/r/developersIndia/comments/1miviea/built_a_free_app_to_compare_realtime_cab_fares/n77yik8/
,vgodara,,2025-08-06T16:30:29.000Z,t1_n79a66f,reddit,,,r/developersIndia,The guy is asking for users to login in to Uber and ola vai his app. He won&#39;t have that issue. For every user it&#39;s unique account,,"/u/vgodara on Built a free app to compare real-time cab fares (Uber, Ola, Rapido, Namma Yatri) and groceries (Blinkit, Zepto, Instamart) - all in one place",https://www.reddit.com/r/developersIndia/comments/1miviea/built_a_free_app_to_compare_realtime_cab_fares/n79a66f/
,ummhmm-x,,2025-08-06T11:44:01.000Z,t1_n77qws2,reddit,,,r/developersIndia,From your pov it&#39;s going from 10 requests/m to maybe 100. But once you implement rotation with session keys you have the control for requests/account,,"/u/ummhmm-x on Built a free app to compare real-time cab fares (Uber, Ola, Rapido, Namma Yatri) and groceries (Blinkit, Zepto, Instamart) - all in one place",https://www.reddit.com/r/developersIndia/comments/1miviea/built_a_free_app_to_compare_realtime_cab_fares/n77qws2/
,vincent-vega10,,2025-08-06T15:53:36.000Z,t1_n792bk0,reddit,,,r/developersIndia,"10 session keys will need 10 different accounts. I don&#39;t think any service will offer 10 different sessions to exist simultaneously for one user. Only solution is that, the API must be public and you can rotate IPs and device user-agents (and do many more things at scale)",,"/u/vincent-vega10 on Built a free app to compare real-time cab fares (Uber, Ola, Rapido, Namma Yatri) and groceries (Blinkit, Zepto, Instamart) - all in one place",https://www.reddit.com/r/developersIndia/comments/1miviea/built_a_free_app_to_compare_realtime_cab_fares/n792bk0/
,ummhmm-x,,2025-08-06T16:13:15.000Z,t1_n796iro,reddit,,,r/developersIndia,"Ah my bad, that&#39;s what I meant under the pretext of obvious understanding. I meant different sessions for different accounts. Rotating IPs is an issue though. I think that is usually solved through ECS?",,"/u/ummhmm-x on Built a free app to compare real-time cab fares (Uber, Ola, Rapido, Namma Yatri) and groceries (Blinkit, Zepto, Instamart) - all in one place",https://www.reddit.com/r/developersIndia/comments/1miviea/built_a_free_app_to_compare_realtime_cab_fares/n796iro/
,Warlock2111,,2025-08-06T11:19:35.000Z,t1_n77nfrs,reddit,,,r/developersIndia,I don’t think he’s doing that though.,,"/u/Warlock2111 on Built a free app to compare real-time cab fares (Uber, Ola, Rapido, Namma Yatri) and groceries (Blinkit, Zepto, Instamart) - all in one place",https://www.reddit.com/r/developersIndia/comments/1miviea/built_a_free_app_to_compare_realtime_cab_fares/n77nfrs/
,vgodara,,2025-08-06T09:00:32.000Z,t1_n7776za,reddit,,,r/developersIndia,Same would be true when you are using front end automation. If they have protection against bots it would work at both places. Be it UI or API. Otherwise kind of silly to use those protection,,"/u/vgodara on Built a free app to compare real-time cab fares (Uber, Ola, Rapido, Namma Yatri) and groceries (Blinkit, Zepto, Instamart) - all in one place",https://www.reddit.com/r/developersIndia/comments/1miviea/built_a_free_app_to_compare_realtime_cab_fares/n7776za/
,gokul1630,,2025-08-06T15:21:35.000Z,t1_n78vgev,reddit,,,r/developersIndia,"If the app uses SSL Pinning, then it&#39;s hard to track the network requests.",,"/u/gokul1630 on Built a free app to compare real-time cab fares (Uber, Ola, Rapido, Namma Yatri) and groceries (Blinkit, Zepto, Instamart) - all in one place",https://www.reddit.com/r/developersIndia/comments/1miviea/built_a_free_app_to_compare_realtime_cab_fares/n78vgev/
,kamikazechaser,,2025-08-06T16:18:09.000Z,t1_n797k81,reddit,,,r/developersIndia,It is very easy to bypass ssl pinning especially on rooted phones.,,"/u/kamikazechaser on Built a free app to compare real-time cab fares (Uber, Ola, Rapido, Namma Yatri) and groceries (Blinkit, Zepto, Instamart) - all in one place",https://www.reddit.com/r/developersIndia/comments/1miviea/built_a_free_app_to_compare_realtime_cab_fares/n797k81/
,vgodara,,2025-08-06T15:24:49.000Z,t1_n78w4yi,reddit,,,r/developersIndia,I am aware how SSL pinning works but the people here are suggesting it wouldn&#39;t make any difference  https://www.reddit.com/r/AskNetsec/s/1ggd4fks5L. This why it&#39;s always recommended to secure a backend always by assume the client is comprised.,,"/u/vgodara on Built a free app to compare real-time cab fares (Uber, Ola, Rapido, Namma Yatri) and groceries (Blinkit, Zepto, Instamart) - all in one place",https://www.reddit.com/r/developersIndia/comments/1miviea/built_a_free_app_to_compare_realtime_cab_fares/n78w4yi/
,Significant_Show_237,,2025-08-07T00:59:14.000Z,t1_n7c409y,reddit,,,r/developersIndia,Exactly The APIs aren&#39;t available to do comparison Can some engineer reverse engineer this application,,"/u/Significant_Show_237 on Built a free app to compare real-time cab fares (Uber, Ola, Rapido, Namma Yatri) and groceries (Blinkit, Zepto, Instamart) - all in one place",https://www.reddit.com/r/developersIndia/comments/1miviea/built_a_free_app_to_compare_realtime_cab_fares/n7c409y/
,coolsid_5,,2025-08-06T07:31:05.000Z,t1_n76xr4t,reddit,,,r/developersIndia,so you are just scraping there private stuff,,"/u/coolsid_5 on Built a free app to compare real-time cab fares (Uber, Ola, Rapido, Namma Yatri) and groceries (Blinkit, Zepto, Instamart) - all in one place",https://www.reddit.com/r/developersIndia/comments/1miviea/built_a_free_app_to_compare_realtime_cab_fares/n76xr4t/
,2SleepyToThinkOf1,,2025-08-06T11:29:54.000Z,t1_n77ovqr,reddit,,,r/developersIndia,Boo hoo the millionaires won&#39;t starve,,"/u/2SleepyToThinkOf1 on Built a free app to compare real-time cab fares (Uber, Ola, Rapido, Namma Yatri) and groceries (Blinkit, Zepto, Instamart) - all in one place",https://www.reddit.com/r/developersIndia/comments/1miviea/built_a_free_app_to_compare_realtime_cab_fares/n77ovqr/
,akshat207,,2025-07-23T03:53:13.000Z,t3_1m6z71q,reddit,,,r/bangalore,"Hey everyone, You know that little dance you do before ordering groceries? You open Blinkit, add your stuff. Then comes that nagging thought... “Is this cheaper on Zepto? Or who can deliver faster?” So you switch apps, search again, compare delivery times. Then maybe check Instamart too - just to be sure. It’s a whole routine. I got tired of doing this every time, so I built Comparify. It’s a simple app that lets you see real-time prices and delivery times for the same products across Blinkit, Instamart, and Zepto - all in one place. Here’s what it does: 🕒 Live delivery times: Instantly see which store can deliver fastest in your area — before you even start browsing. 💸 Price comparison: Search for any item and see the current price across all three platforms side by side. 🧠 Smart matching: It recognizes that &quot;Amul Butter&quot; on one app is the same as &quot;Salted Butter&quot; on another, and even calculates the price per gram/ml — so you know what’s actually a better deal. 🛒 Compare your full cart: Add all your items and instantly see the total bill on each platform. The savings can surprise you. 📲 Tap to buy: Found the best deal? Tap the item and go straight to it in the original app — no extra searching. This is something I made for myself, but I think it could help a lot of us save both time and money. Would love for you to try it out and share your feedback - anything from bugs to suggestions, or just your honest thoughts. Play Store Website Thanks for reading!  &#32; submitted by &#32;  /u/akshat207   [link] &#32; [comments]",,"I made an app to compare prices between Blinkit, Instamart, and Zepto! E-commerce",https://www.reddit.com/r/bangalore/comments/1m6z71q/i_made_an_app_to_compare_prices_between_blinkit/
,persThepers,,2025-07-23T04:00:17.000Z,t1_n4njwru,reddit,,,r/bangalore,Ooooo it’s like sky scanner but for delivery apps. Nice one OP. Will share feedback. 🍀,,"/u/persThepers on I made an app to compare prices between Blinkit, Instamart, and Zepto! E-commerce",https://www.reddit.com/r/bangalore/comments/1m6z71q/i_made_an_app_to_compare_prices_between_blinkit/n4njwru/
,vgupta1192,,2025-07-23T06:48:13.000Z,t1_n4o4nj0,reddit,,,r/bangalore,Quickcompare app is already there for this but nicee...we need competition in market,,"/u/vgupta1192 on I made an app to compare prices between Blinkit, Instamart, and Zepto! E-commerce",https://www.reddit.com/r/bangalore/comments/1m6z71q/i_made_an_app_to_compare_prices_between_blinkit/n4o4nj0/
,[deleted],,2025-07-23T04:02:59.000Z,t1_n4nkatd,reddit,,,r/bangalore,"Really great work dude. The app is quite useful and ui is pretty minimal (exactly what you would want), it just focuses on the basics and does it correctly. It&#39;s a little buggy. For ex- for my area it shows that Instamart is not serviceable for any product I search (although Instamart is serviceable). But ik these can be fixed.  Can you tell me what tech stack you used for this (For the mobile version), i.e did you use React Native or Flutter, and also how are you comparing the prices between Instamart/Zepto/Blinkit. Would love to hear your insights",,"/u/[deleted] on I made an app to compare prices between Blinkit, Instamart, and Zepto! E-commerce",https://www.reddit.com/r/bangalore/comments/1m6z71q/i_made_an_app_to_compare_prices_between_blinkit/n4nkatd/
,akshat207,,2025-07-23T20:12:37.000Z,t1_n4ryhpe,reddit,,,r/bangalore,"I used Expo for the app, there&#39;s a complex algorithm doing the comparing",,"/u/akshat207 on I made an app to compare prices between Blinkit, Instamart, and Zepto! E-commerce",https://www.reddit.com/r/bangalore/comments/1m6z71q/i_made_an_app_to_compare_prices_between_blinkit/n4ryhpe/
,Global_Trip_6353,,2025-07-26T04:04:27.000Z,t1_n57ldqr,reddit,,,r/bangalore,How did you get access to catalogue APIs?,,"/u/Global_Trip_6353 on I made an app to compare prices between Blinkit, Instamart, and Zepto! E-commerce",https://www.reddit.com/r/bangalore/comments/1m6z71q/i_made_an_app_to_compare_prices_between_blinkit/n57ldqr/
,Ezaz_Ahammed,,2025-07-23T04:56:50.000Z,t1_n4nrlrx,reddit,,,r/bangalore,Some user on reddit created a similar app https://play.google.com/store/apps/details?id=com.quickcompare.app,,"/u/Ezaz_Ahammed on I made an app to compare prices between Blinkit, Instamart, and Zepto! E-commerce",https://www.reddit.com/r/bangalore/comments/1m6z71q/i_made_an_app_to_compare_prices_between_blinkit/n4nrlrx/
,shank9717,,2025-07-23T11:01:21.000Z,t1_n4ow98o,reddit,,,r/bangalore,I&#39;ve seen 3 other apps that do the same thing,,"/u/shank9717 on I made an app to compare prices between Blinkit, Instamart, and Zepto! E-commerce",https://www.reddit.com/r/bangalore/comments/1m6z71q/i_made_an_app_to_compare_prices_between_blinkit/n4ow98o/
,akshat207,,2025-07-23T20:14:32.000Z,t1_n4rywjo,reddit,,,r/bangalore,"Yes, but Comparify has more features like cart, price per unit and more. Comparify is also like 5 times faster",,"/u/akshat207 on I made an app to compare prices between Blinkit, Instamart, and Zepto! E-commerce",https://www.reddit.com/r/bangalore/comments/1m6z71q/i_made_an_app_to_compare_prices_between_blinkit/n4rywjo/
,ironically_man,,2025-07-23T20:57:12.000Z,t1_n4s838y,reddit,,,r/bangalore,"Bookmarking the website. Are you planning to add platforms like amazon now, flipkart minutes and jiomart?",,"/u/ironically_man on I made an app to compare prices between Blinkit, Instamart, and Zepto! E-commerce",https://www.reddit.com/r/bangalore/comments/1m6z71q/i_made_an_app_to_compare_prices_between_blinkit/n4s838y/
,Fit_Atmosphere_7767,,2025-11-16T08:42:06.000Z,t1_np4941j,reddit,,,r/bangalore,They don&#39;t update quick compare anymore.,,"/u/Fit_Atmosphere_7767 on I made an app to compare prices between Blinkit, Instamart, and Zepto! E-commerce",https://www.reddit.com/r/bangalore/comments/1m6z71q/i_made_an_app_to_compare_prices_between_blinkit/np4941j/
,Mundane_Exchange6910,,2025-07-23T04:14:14.000Z,t1_n4nlw3c,reddit,,,r/bangalore,Add bigbasket also to compare,,"/u/Mundane_Exchange6910 on I made an app to compare prices between Blinkit, Instamart, and Zepto! E-commerce",https://www.reddit.com/r/bangalore/comments/1m6z71q/i_made_an_app_to_compare_prices_between_blinkit/n4nlw3c/
,DebSon96,,2025-07-23T05:01:53.000Z,t1_n4ns94a,reddit,,,r/bangalore,"Just curious to know if u have handled it in a way that solves this. Lets say an item x is 100 inr, y is 200 inr, z is 300 inr. When combined in a cart blinkit and instamart would come to similar of 600~650 inr(including delivery)  zepto would come to some bizzare number owing to their insane dark patterns, sometimes it might be 900 sometimes it might even be 400 And the final price would also depend on if i have any subscription(like daily) any free cash etc etc. So while comparing ideally we should compare the final price to be paid. Do u do so in ur processing(coz that would be complex) or do u do an itemized price comparison. As per my experience itemised price comparison almost never reflects the final price to be paid. All the apps especially zepto optimises its listing to show they have the cheapest listing but the picture changes in the final cart value.",,"/u/DebSon96 on I made an app to compare prices between Blinkit, Instamart, and Zepto! E-commerce",https://www.reddit.com/r/bangalore/comments/1m6z71q/i_made_an_app_to_compare_prices_between_blinkit/n4ns94a/
,noobita_1,,2025-07-23T04:15:10.000Z,t1_n4nm0uk,reddit,,,r/bangalore,"Curious, how does this work in the backend? I tried to do something similar but didn’t find blinkit/zepto apis which gave price information.",,"/u/noobita_1 on I made an app to compare prices between Blinkit, Instamart, and Zepto! E-commerce",https://www.reddit.com/r/bangalore/comments/1m6z71q/i_made_an_app_to_compare_prices_between_blinkit/n4nm0uk/
,onemandal,,2025-07-24T13:06:45.000Z,t1_n4w6m32,reddit,,,r/bangalore,You&#39;ll have to scrape the data,,"/u/onemandal on I made an app to compare prices between Blinkit, Instamart, and Zepto! E-commerce",https://www.reddit.com/r/bangalore/comments/1m6z71q/i_made_an_app_to_compare_prices_between_blinkit/n4w6m32/
,raagSlayer,,2025-07-23T04:05:47.000Z,t1_n4nkp2y,reddit,,,r/bangalore,Nice one. But it always shows Instamart as not serviceable.,,"/u/raagSlayer on I made an app to compare prices between Blinkit, Instamart, and Zepto! E-commerce",https://www.reddit.com/r/bangalore/comments/1m6z71q/i_made_an_app_to_compare_prices_between_blinkit/n4nkp2y/
,wavereddit,,2025-07-23T04:17:16.000Z,t1_n4nmb5t,reddit,,,r/bangalore,"There is another similar app, it&#39;s called delulu is the only solulu .. I am not kidding the app maker gave that name to his app.",,"/u/wavereddit on I made an app to compare prices between Blinkit, Instamart, and Zepto! E-commerce",https://www.reddit.com/r/bangalore/comments/1m6z71q/i_made_an_app_to_compare_prices_between_blinkit/n4nmb5t/
,bluebutterfly95,,2025-07-23T07:20:15.000Z,t1_n4o85or,reddit,,,r/bangalore,Omg 😂😂🤣🤣🤣🤣🤣,,"/u/bluebutterfly95 on I made an app to compare prices between Blinkit, Instamart, and Zepto! E-commerce",https://www.reddit.com/r/bangalore/comments/1m6z71q/i_made_an_app_to_compare_prices_between_blinkit/n4o85or/
,[deleted],,2025-07-23T04:34:26.000Z,t1_n4non5c,reddit,,,r/bangalore,[deleted],,"/u/[deleted] on I made an app to compare prices between Blinkit, Instamart, and Zepto! E-commerce",https://www.reddit.com/r/bangalore/comments/1m6z71q/i_made_an_app_to_compare_prices_between_blinkit/n4non5c/
,Historical_Echo_3529,,2025-07-23T04:09:19.000Z,t1_n4nl75z,reddit,,,r/bangalore,"This is awesome, OP! Absolutely loved using it",,"/u/Historical_Echo_3529 on I made an app to compare prices between Blinkit, Instamart, and Zepto! E-commerce",https://www.reddit.com/r/bangalore/comments/1m6z71q/i_made_an_app_to_compare_prices_between_blinkit/n4nl75z/
,One-Reward-7181,,2025-07-23T04:45:37.000Z,t1_n4nq4y0,reddit,,,r/bangalore,Oh not present on App Store,,"/u/One-Reward-7181 on I made an app to compare prices between Blinkit, Instamart, and Zepto! E-commerce",https://www.reddit.com/r/bangalore/comments/1m6z71q/i_made_an_app_to_compare_prices_between_blinkit/n4nq4y0/
,Swaalina_,,2026-04-11T09:22:05.000Z,t3_1siebx1,reddit,,,r/swiggy,"I started working as a Swiggy Instamart delivery partner because I wanted to earn some money for my college fees. My parents told me not to do this job, but I still wanted to try and stand on my own. Yesterday was my first day… and it didn’t go how I imagined at all. I reached the store around 12 PM and did 2 orders. From the beginning, some of the other delivery partners were looking at me in a strange way. When I came back after my second order, a group of around 7–8 guys surrounded me. They asked for my ID, and one of them even grabbed my phone from my hand. Then they told me I can’t work there because the area already has “full partners.” When I asked why the app is still hiring then, they said something like: “The app will keep hiring, but we won’t let you work here.” I didn’t really know what to say… but I still told them I’ll continue working. They just replied, “we’ll see.” After that, I tried to stay calm and finished a few more things, then went home around 2 PM. I kept thinking about it… whether I should go back or not. In the evening, I decided to go again. I didn’t want to give up on the first day itself. When I reached, everything felt the same. Same people, same looks. I did one order and sat inside waiting for another. At one point, I noticed some of them sitting on my bike outside. I felt something was off, but I ignored it. After some time, I got another order. I started my bike, and within seconds it started shaking badly. I almost lost control and hit a car. Then I checked and realized my tyre was completely punctured. At that moment, I just felt… helpless. I still had a customer’s order, so I somehow rode slowly for 3 km and delivered it. After that, I had to walk my bike all the way home. When I reached, I told my mom everything. She just said, “duniya boht kharab hai” and told me not to go there again. I don’t know… I just wanted to earn honestly and do something on my own. Didn’t expect my first day to feel like this. Now I’m just sitting here thinking if I should even go back. Has anyone else experienced something like this? Is this normal in delivery jobs?  &#32; submitted by &#32;  /u/Swaalina_   [link] &#32; [comments]",,First day as a delivery partner… and I don’t feel like going back anymore,https://www.reddit.com/r/swiggy/comments/1siebx1/first_day_as_a_delivery_partner_and_i_dont_feel/
,AutoModerator,,2026-04-11T09:22:05.000Z,t1_ofjgd3l,reddit,,,r/swiggy,"Thank you for your post, u/Swaalina_! It is currently under review and will be public after quality check. You can help in the process. We are looking for moderators. If you hang in this sub a lot and feel a sense of community here; maybe you would like to be a mod? If your account is more than 6 months old, please fill this form. Swiggy employees and associates are not eligible to apply. I am a bot, and this action was performed automatically. Please contact the moderators of this subreddit if you have any questions or concerns.",,/u/AutoModerator on First day as a delivery partner… and I don’t feel like going back anymore,https://www.reddit.com/r/swiggy/comments/1siebx1/first_day_as_a_delivery_partner_and_i_dont_feel/ofjgd3l/
,[deleted],,2026-04-11T10:41:38.000Z,t1_ofjpdfw,reddit,,,r/swiggy,[deleted],,/u/[deleted] on First day as a delivery partner… and I don’t feel like going back anymore,https://www.reddit.com/r/swiggy/comments/1siebx1/first_day_as_a_delivery_partner_and_i_dont_feel/ofjpdfw/
,ExcuseBorn9873,,2026-04-11T10:45:25.000Z,t1_ofjpu8f,reddit,,,r/swiggy,looks like tier 2 city,,/u/ExcuseBorn9873 on First day as a delivery partner… and I don’t feel like going back anymore,https://www.reddit.com/r/swiggy/comments/1siebx1/first_day_as_a_delivery_partner_and_i_dont_feel/ofjpu8f/
,Efficient-Crab-8886,,2026-04-11T17:49:55.000Z,t1_oflw63f,reddit,,,r/swiggy,"I feel like decathlon has the best staff ever, i hope they have good policies for staff",,/u/Efficient-Crab-8886 on First day as a delivery partner… and I don’t feel like going back anymore,https://www.reddit.com/r/swiggy/comments/1siebx1/first_day_as_a_delivery_partner_and_i_dont_feel/oflw63f/
,asta--liebe,,2026-04-12T06:59:27.000Z,t1_ofpjzdp,reddit,,,r/swiggy,"Bro i am ex decathlon employee, trust me we treat our employees much better . Although some store managers maybe strict in terms of your learning and your involvement but overall all decathlon stores are 10x better the typical retail stores",,/u/asta--liebe on First day as a delivery partner… and I don’t feel like going back anymore,https://www.reddit.com/r/swiggy/comments/1siebx1/first_day_as_a_delivery_partner_and_i_dont_feel/ofpjzdp/
,CartographerLess6168,,2026-04-12T15:39:50.000Z,t1_ofrpe9p,reddit,,,r/swiggy,hey sir please let me know how can i apply at decathlon,,/u/CartographerLess6168 on First day as a delivery partner… and I don’t feel like going back anymore,https://www.reddit.com/r/swiggy/comments/1siebx1/first_day_as_a_delivery_partner_and_i_dont_feel/ofrpe9p/
,asta--liebe,,2026-04-12T15:46:26.000Z,t1_ofrqupp,reddit,,,r/swiggy,"Bro it is very simple actually, visit your nearby decathlon and ask welcome desk for the recruitment details and vacancy, the store recruit only the for the vacancy in their store. Also don&#39;t stress about the interview in the final stage , just be yourself . They like people who have good social skills , have some experience in playi g sport ( you don&#39;t have to be a expertise in the sport , you just have to a passion over your sport ) Even if your english is not good and your selling abilities are not fantastic don&#39;t worry cuz they will always try to teach you and the teammates are always willing go a step beyond if you are ready 😉",,/u/asta--liebe on First day as a delivery partner… and I don’t feel like going back anymore,https://www.reddit.com/r/swiggy/comments/1siebx1/first_day_as_a_delivery_partner_and_i_dont_feel/ofrqupp/
,Akshat_2307,,2026-04-12T17:02:02.000Z,t1_ofs7biw,reddit,,,r/swiggy,how much do they pay and work hours ?,,/u/Akshat_2307 on First day as a delivery partner… and I don’t feel like going back anymore,https://www.reddit.com/r/swiggy/comments/1siebx1/first_day_as_a_delivery_partner_and_i_dont_feel/ofs7biw/
,asta--liebe,,2026-04-12T17:03:51.000Z,t1_ofs7q8l,reddit,,,r/swiggy,I will DM you,,/u/asta--liebe on First day as a delivery partner… and I don’t feel like going back anymore,https://www.reddit.com/r/swiggy/comments/1siebx1/first_day_as_a_delivery_partner_and_i_dont_feel/ofs7q8l/
,WoodenBreadfruit5911,,2026-04-13T09:27:27.000Z,t1_ofwom4y,reddit,,,r/swiggy,Can you dm me aswell pls?,,/u/WoodenBreadfruit5911 on First day as a delivery partner… and I don’t feel like going back anymore,https://www.reddit.com/r/swiggy/comments/1siebx1/first_day_as_a_delivery_partner_and_i_dont_feel/ofwom4y/
,LaughRemarkable226,,2026-04-13T09:57:31.000Z,t1_ofws117,reddit,,,r/swiggy,Please dm.me.as.well,,/u/LaughRemarkable226 on First day as a delivery partner… and I don’t feel like going back anymore,https://www.reddit.com/r/swiggy/comments/1siebx1/first_day_as_a_delivery_partner_and_i_dont_feel/ofws117/
,andimandibhenkilendi,,2026-04-13T14:33:52.000Z,t1_ofy223p,reddit,,,r/swiggy,Please can you dm me too,,/u/andimandibhenkilendi on First day as a delivery partner… and I don’t feel like going back anymore,https://www.reddit.com/r/swiggy/comments/1siebx1/first_day_as_a_delivery_partner_and_i_dont_feel/ofy223p/
,Loud_Seat9862,,2026-04-14T07:59:46.000Z,t1_og3d64w,reddit,,,r/swiggy,could u please send me a dm too,,/u/Loud_Seat9862 on First day as a delivery partner… and I don’t feel like going back anymore,https://www.reddit.com/r/swiggy/comments/1siebx1/first_day_as_a_delivery_partner_and_i_dont_feel/og3d64w/
,tictactoem,,2026-04-14T16:02:58.000Z,t1_og5l2n4,reddit,,,r/swiggy,hey can u dm me aswell,,/u/tictactoem on First day as a delivery partner… and I don’t feel like going back anymore,https://www.reddit.com/r/swiggy/comments/1siebx1/first_day_as_a_delivery_partner_and_i_dont_feel/og5l2n4/
,Osyrus191,,2026-04-13T13:10:39.000Z,t1_ofxl58u,reddit,,,r/swiggy,Could you please share with me also,,/u/Osyrus191 on First day as a delivery partner… and I don’t feel like going back anymore,https://www.reddit.com/r/swiggy/comments/1siebx1/first_day_as_a_delivery_partner_and_i_dont_feel/ofxl58u/
,CartographerLess6168,,2026-04-13T00:54:27.000Z,t1_ofus987,reddit,,,r/swiggy,I only did athletics in my school days would that be enough? Also thanx for replying,,/u/CartographerLess6168 on First day as a delivery partner… and I don’t feel like going back anymore,https://www.reddit.com/r/swiggy/comments/1siebx1/first_day_as_a_delivery_partner_and_i_dont_feel/ofus987/
,asta--liebe,,2026-04-13T08:05:54.000Z,t1_ofwfsn9,reddit,,,r/swiggy,Yeah as long as your are passionate abouts sports and have some knowledge about sport you are good to go,,/u/asta--liebe on First day as a delivery partner… and I don’t feel like going back anymore,https://www.reddit.com/r/swiggy/comments/1siebx1/first_day_as_a_delivery_partner_and_i_dont_feel/ofwfsn9/
,Few_Pause4939,,2026-04-13T13:59:39.000Z,t1_ofxurtl,reddit,,,r/swiggy,"Hey sir can you pls dm me more details? I have a friend who’s in need, this might really help him.",,/u/Few_Pause4939 on First day as a delivery partner… and I don’t feel like going back anymore,https://www.reddit.com/r/swiggy/comments/1siebx1/first_day_as_a_delivery_partner_and_i_dont_feel/ofxurtl/
,Creative-Judgment441,,2026-04-14T02:38:42.000Z,t1_og275qb,reddit,,,r/swiggy,"I live in Mumbai , I want to work for a few months to earn some money before college , can I dm you?",,/u/Creative-Judgment441 on First day as a delivery partner… and I don’t feel like going back anymore,https://www.reddit.com/r/swiggy/comments/1siebx1/first_day_as_a_delivery_partner_and_i_dont_feel/og275qb/
,sleepy0508,,2026-04-13T19:09:04.000Z,t1_ofzs8hp,reddit,,,r/swiggy,At least in Pune the decathlon staff is pathetic All college students filled with massive amounts of attitude as if their father is a multi millionaire and not that they have to work here cause they’re fucking broke,,/u/sleepy0508 on First day as a delivery partner… and I don’t feel like going back anymore,https://www.reddit.com/r/swiggy/comments/1siebx1/first_day_as_a_delivery_partner_and_i_dont_feel/ofzs8hp/
,akshat207,,2025-07-22T18:15:43.000Z,t3_1m6ln1a,reddit,,,r/developersIndia,"Hey everyone, You know that little dance you do before ordering groceries? You open Blinkit, add your stuff. Then comes that nagging thought... “Is this cheaper on Zepto? Or who can deliver faster?” So you switch apps, search again, compare delivery times. Then maybe check Instamart too - just to be sure. It’s a whole routine. I got tired of doing this every time, so I built Comparify. It’s a simple app that lets you see real-time prices and delivery times for the same products across Blinkit, Instamart, and Zepto - all in one place. Here’s what it does: Live delivery times: Instantly see which store can deliver fastest in your area — before you even start browsing. Price comparison: Search for any item and see the current price across all three platforms side by side. Smart matching: It recognizes that &quot;Amul Butter&quot; on one app is the same as &quot;Salted Butter&quot; on another, and even calculates the price per gram/ml — so you know what’s actually a better deal. Compare your full cart: Add all your items and instantly see the total bill on each platform. The savings can surprise you. Tap to buy: Found the best deal? Tap the item and go straight to it in the original app — no extra searching. This is something I made for myself, but I think it could help a lot of us save both time and money. Would love for you to try it out and share your feedback - anything from bugs to suggestions, or just your honest thoughts. Play Store Website Thanks for reading!  &#32; submitted by &#32;  /u/akshat207   [link] &#32; [comments]",,"Made my first Expo app: Compare prices between Instamart, Zepto and Blinkit!",https://www.reddit.com/r/developersIndia/comments/1m6ln1a/made_my_first_expo_app_compare_prices_between/
,AutoModerator,,2025-07-22T18:15:44.000Z,t1_n4kiaz2,reddit,,,r/developersIndia,"Namaste! Thanks for submitting to r/developersIndia. While participating in this thread, please follow the Community Code of Conduct and rules.  It&#39;s possible your query is not unique, use site:reddit.com/r/developersindia KEYWORDS on search engines to search posts from developersIndia. You can also use reddit search directly. Recent Announcements  Who&#39;s looking for work? - Monthly Megathread - June 2025 Call For Volunteers: Help us build r/developersIndia  I am a bot, and this action was performed automatically. Please contact the moderators of this subreddit if you have any questions or concerns.",,"/u/AutoModerator on Made my first Expo app: Compare prices between Instamart, Zepto and Blinkit!",https://www.reddit.com/r/developersIndia/comments/1m6ln1a/made_my_first_expo_app_compare_prices_between/n4kiaz2/
,byteNinja10,,2025-07-22T18:47:30.000Z,t1_n4kp3q4,reddit,,,r/developersIndia,How are you getting the prices from these platforms,,"/u/byteNinja10 on Made my first Expo app: Compare prices between Instamart, Zepto and Blinkit!",https://www.reddit.com/r/developersIndia/comments/1m6ln1a/made_my_first_expo_app_compare_prices_between/n4kp3q4/
,Mysterious-Green290,,2025-07-22T18:52:13.000Z,t1_n4kq40t,reddit,,,r/developersIndia,Yeah. There are APIs?,,"/u/Mysterious-Green290 on Made my first Expo app: Compare prices between Instamart, Zepto and Blinkit!",https://www.reddit.com/r/developersIndia/comments/1m6ln1a/made_my_first_expo_app_compare_prices_between/n4kq40t/
,byteNinja10,,2025-07-22T19:05:43.000Z,t1_n4ksyiy,reddit,,,r/developersIndia,"Yeah I wanted to know whether web scrapping or using their API, without getting rate limited",,"/u/byteNinja10 on Made my first Expo app: Compare prices between Instamart, Zepto and Blinkit!",https://www.reddit.com/r/developersIndia/comments/1m6ln1a/made_my_first_expo_app_compare_prices_between/n4ksyiy/
,Holiday_Grocery_9260,,2025-07-23T02:45:26.000Z,t1_n4n8k64,reddit,,,r/developersIndia,Reverse engineer just inspect those sites u will get to know bit u need to store some keysike acess at the time of login and u can pass it in payload I think this is what he did,,"/u/Holiday_Grocery_9260 on Made my first Expo app: Compare prices between Instamart, Zepto and Blinkit!",https://www.reddit.com/r/developersIndia/comments/1m6ln1a/made_my_first_expo_app_compare_prices_between/n4n8k64/
,Feeling-Schedule5369,,2025-07-23T03:54:06.000Z,t1_n4nj0g9,reddit,,,r/developersIndia,But even those will be rate limited at any major decent website. But I guess he doesnt have enough users to worry about causing rate limiting calling those apis,,"/u/Feeling-Schedule5369 on Made my first Expo app: Compare prices between Instamart, Zepto and Blinkit!",https://www.reddit.com/r/developersIndia/comments/1m6ln1a/made_my_first_expo_app_compare_prices_between/n4nj0g9/
,Holiday_Grocery_9260,,2025-07-23T05:11:28.000Z,t1_n4ntgtf,reddit,,,r/developersIndia,Nope since the request are sent from the tht users own tokens codes it can be bypasses easily,,"/u/Holiday_Grocery_9260 on Made my first Expo app: Compare prices between Instamart, Zepto and Blinkit!",https://www.reddit.com/r/developersIndia/comments/1m6ln1a/made_my_first_expo_app_compare_prices_between/n4ntgtf/
,Feeling-Schedule5369,,2025-07-23T10:57:04.000Z,t1_n4ovor9,reddit,,,r/developersIndia,Oh didn&#39;t realize that his app would ask you to login into all three apps,,"/u/Feeling-Schedule5369 on Made my first Expo app: Compare prices between Instamart, Zepto and Blinkit!",https://www.reddit.com/r/developersIndia/comments/1m6ln1a/made_my_first_expo_app_compare_prices_between/n4ovor9/
,Ndpythn,,2025-07-24T03:40:53.000Z,t1_n4u7pb1,reddit,,,r/developersIndia,On website it’s not asking to login directly location and then prices are getting showed,,"/u/Ndpythn on Made my first Expo app: Compare prices between Instamart, Zepto and Blinkit!",https://www.reddit.com/r/developersIndia/comments/1m6ln1a/made_my_first_expo_app_compare_prices_between/n4u7pb1/
,oootsav,,2025-07-24T05:50:54.000Z,t1_n4uogp6,reddit,,,r/developersIndia,"O god, now that seems risky.",,"/u/oootsav on Made my first Expo app: Compare prices between Instamart, Zepto and Blinkit!",https://www.reddit.com/r/developersIndia/comments/1m6ln1a/made_my_first_expo_app_compare_prices_between/n4uogp6/
,0xlostincode,,2025-07-23T17:44:23.000Z,t1_n4r2qbf,reddit,,,r/developersIndia,"Wouldn&#39;t this also mean that everything (price, time, offers etc) will be according to OPs profile and not personal to someone who is using the app?",,"/u/0xlostincode on Made my first Expo app: Compare prices between Instamart, Zepto and Blinkit!",https://www.reddit.com/r/developersIndia/comments/1m6ln1a/made_my_first_expo_app_compare_prices_between/n4r2qbf/
,Holiday_Grocery_9260,,2025-07-23T17:49:03.000Z,t1_n4r3rt4,reddit,,,r/developersIndia,Okay let me make it clear! I may be wrong guys so forgive me if I wrong See what op is doing is he asks user to login to those sites from his app and collects the user id/email and password now op got acess to his account what he does it he reversed engineered the APIs of those apps and send the request auth req let&#39;s say with these pass and I&#39;d now op got the acees token or something similar to tht. Now for getting products or anything similarly he got those APIs and sending request will be not allowed unless u give aceess token which op alteady took so this way it&#39;s works In short answer is no to ur qsn ntgs going to be of op it&#39;s of the user who&#39;s using I don&#39;t know if it&#39;s legal or not but I did something very similar and got legal threats not officially but from many 🥲,,"/u/Holiday_Grocery_9260 on Made my first Expo app: Compare prices between Instamart, Zepto and Blinkit!",https://www.reddit.com/r/developersIndia/comments/1m6ln1a/made_my_first_expo_app_compare_prices_between/n4r3rt4/
,Ciphar55,,2025-07-26T14:48:44.000Z,t1_n59u7ls,reddit,,,r/developersIndia,"Yes this sounds illegal, I guess it will be flagged by apps even if you take consent from user",,"/u/Ciphar55 on Made my first Expo app: Compare prices between Instamart, Zepto and Blinkit!",https://www.reddit.com/r/developersIndia/comments/1m6ln1a/made_my_first_expo_app_compare_prices_between/n59u7ls/
,Old_Transition_3884,,2025-07-23T07:01:21.000Z,t1_n4o641a,reddit,,,r/developersIndia,Can u tell me more about reverse engineering How can I learn,,"/u/Old_Transition_3884 on Made my first Expo app: Compare prices between Instamart, Zepto and Blinkit!",https://www.reddit.com/r/developersIndia/comments/1m6ln1a/made_my_first_expo_app_compare_prices_between/n4o641a/
,Agile-Commercial9750,,2025-07-23T08:01:58.000Z,t1_n4ocjci,reddit,,,r/developersIndia,You can learn by reverse engineering,,"/u/Agile-Commercial9750 on Made my first Expo app: Compare prices between Instamart, Zepto and Blinkit!",https://www.reddit.com/r/developersIndia/comments/1m6ln1a/made_my_first_expo_app_compare_prices_between/n4ocjci/
,Old_Transition_3884,,2025-07-23T08:38:32.000Z,t1_n4ogbak,reddit,,,r/developersIndia,Which platform to start basic,,"/u/Old_Transition_3884 on Made my first Expo app: Compare prices between Instamart, Zepto and Blinkit!",https://www.reddit.com/r/developersIndia/comments/1m6ln1a/made_my_first_expo_app_compare_prices_between/n4ogbak/
,True_Rope7418,,2025-07-23T09:22:36.000Z,t1_n4okvvi,reddit,,,r/developersIndia,"First you&#39;ll need something that you want to create, then find something similar to it and dive deep into how it works, then you will be able to reverse engineer it and implement it in your own product",,"/u/True_Rope7418 on Made my first Expo app: Compare prices between Instamart, Zepto and Blinkit!",https://www.reddit.com/r/developersIndia/comments/1m6ln1a/made_my_first_expo_app_compare_prices_between/n4okvvi/
,ummhmm-x,,2025-07-25T07:40:27.000Z,t1_n51qorh,reddit,,,r/developersIndia,And then reverse engineer it,,"/u/ummhmm-x on Made my first Expo app: Compare prices between Instamart, Zepto and Blinkit!",https://www.reddit.com/r/developersIndia/comments/1m6ln1a/made_my_first_expo_app_compare_prices_between/n51qorh/
,Enough_Honeydew26,,2025-07-23T09:40:34.000Z,t1_n4omsat,reddit,,,r/developersIndia,Probably web scraping? Just guessing,,"/u/Enough_Honeydew26 on Made my first Expo app: Compare prices between Instamart, Zepto and Blinkit!",https://www.reddit.com/r/developersIndia/comments/1m6ln1a/made_my_first_expo_app_compare_prices_between/n4omsat/
,SorryUnderstanding7,,2025-07-22T18:36:57.000Z,t1_n4kmusd,reddit,,,r/developersIndia,Tight! Tight! Tight!..(tuco salamanca-breaking bad) how often are you scraping? Is it after the user search for the item or you do it on a timely basis?,,"/u/SorryUnderstanding7 on Made my first Expo app: Compare prices between Instamart, Zepto and Blinkit!",https://www.reddit.com/r/developersIndia/comments/1m6ln1a/made_my_first_expo_app_compare_prices_between/n4kmusd/
,akshat207,,2025-07-23T14:24:54.000Z,t3_1m7anpx,reddit,,,r/pune,"Hey everyone, You know that little dance you do before ordering groceries? You open Blinkit, add your stuff. Then comes that nagging thought... “Is this cheaper on Zepto? Or who can deliver faster?” So you switch apps, search again, compare delivery times. Then maybe check Instamart too - just to be sure. It’s a whole routine. I got tired of doing this every time, so I built Comparify. It’s a simple app that lets you see real-time prices and delivery times for the same products across Blinkit, Instamart, and Zepto - all in one place. Here’s what it does: 🕒 Live delivery times: Instantly see which store can deliver fastest in your area — before you even start browsing. 💸 Price comparison: Search for any item and see the current price across all three platforms side by side. 🧠 Smart matching: It recognizes that &quot;Amul Butter&quot; on one app is the same as &quot;Salted Butter&quot; on another, and even calculates the price per gram/ml — so you know what’s actually a better deal. 🛒 Compare your full cart: Add all your items and instantly see the total bill on each platform. The savings can surprise you. 📲 Tap to buy: Found the best deal? Tap the item and go straight to it in the original app — no extra searching. This is something I made for myself, but I think it could help a lot of us save both time and money. Would love for you to try it out and share your feedback - anything from bugs to suggestions, or just your honest thoughts. Play Store Website Thanks for reading!  &#32; submitted by &#32;  /u/akshat207   [link] &#32; [comments]",,"I made an app to compare prices between Blinkit, Instamart, and Zepto!",https://www.reddit.com/r/pune/comments/1m7anpx/i_made_an_app_to_compare_prices_between_blinkit/
,AdTemporary2973,,2025-07-23T14:57:33.000Z,t1_n4q23ze,reddit,,,r/pune,looks solid. good going. are you based in Pune?,,"/u/AdTemporary2973 on I made an app to compare prices between Blinkit, Instamart, and Zepto!",https://www.reddit.com/r/pune/comments/1m7anpx/i_made_an_app_to_compare_prices_between_blinkit/n4q23ze/
,akshat207,,2025-07-27T05:35:14.000Z,t1_n5dyfd0,reddit,,,r/pune,"Nope, currently in Jaipur",,"/u/akshat207 on I made an app to compare prices between Blinkit, Instamart, and Zepto!",https://www.reddit.com/r/pune/comments/1m7anpx/i_made_an_app_to_compare_prices_between_blinkit/n5dyfd0/
,Top_Bonus_8574,,2025-07-23T14:40:29.000Z,t1_n4pyf7w,reddit,,,r/pune,Do this consider extra charges applied at the time of payment?,,"/u/Top_Bonus_8574 on I made an app to compare prices between Blinkit, Instamart, and Zepto!",https://www.reddit.com/r/pune/comments/1m7anpx/i_made_an_app_to_compare_prices_between_blinkit/n4pyf7w/
,Lonely_Jaguar_4879,,2025-07-23T17:36:52.000Z,t1_n4r11aj,reddit,,,r/pune,Asli id se aao team zepto,,"/u/Lonely_Jaguar_4879 on I made an app to compare prices between Blinkit, Instamart, and Zepto!",https://www.reddit.com/r/pune/comments/1m7anpx/i_made_an_app_to_compare_prices_between_blinkit/n4r11aj/
,Skullbugzzz,,2025-07-25T10:04:40.000Z,t1_n525x36,reddit,,,r/pune,Lmao. 🤣🤣🤣🤣,,"/u/Skullbugzzz on I made an app to compare prices between Blinkit, Instamart, and Zepto!",https://www.reddit.com/r/pune/comments/1m7anpx/i_made_an_app_to_compare_prices_between_blinkit/n525x36/
,Riteish,,2025-07-23T15:48:52.000Z,t1_n4qd9et,reddit,,,r/pune,"Please make an iOS version if possible. Also people in comments have asked legit questions, I would like to know more about it. Super interesting! I don’t think there is any such app. Nice work man!",,"/u/Riteish on I made an app to compare prices between Blinkit, Instamart, and Zepto!",https://www.reddit.com/r/pune/comments/1m7anpx/i_made_an_app_to_compare_prices_between_blinkit/n4qd9et/
,HotDog984,,2025-07-23T15:28:03.000Z,t1_n4q8psg,reddit,,,r/pune,"How are you getting swiggy,zepto and blinkit data? Have you purchased license for using there api?? Also what&#39;s the tech stack of web application?",,"/u/HotDog984 on I made an app to compare prices between Blinkit, Instamart, and Zepto!",https://www.reddit.com/r/pune/comments/1m7anpx/i_made_an_app_to_compare_prices_between_blinkit/n4q8psg/
,BRIJEDIT,,2025-07-23T16:20:32.000Z,t1_n4qk3dr,reddit,,,r/pune,"Appreciate the effort, I&#39;m too interested to know this OP Also it would be great if you include flipkart minutes and big basket!",,"/u/BRIJEDIT on I made an app to compare prices between Blinkit, Instamart, and Zepto!",https://www.reddit.com/r/pune/comments/1m7anpx/i_made_an_app_to_compare_prices_between_blinkit/n4qk3dr/
,kesaris143,,2025-07-23T15:48:35.000Z,t1_n4qd76f,reddit,,,r/pune,"I use Dealulu, same but different ui",,"/u/kesaris143 on I made an app to compare prices between Blinkit, Instamart, and Zepto!",https://www.reddit.com/r/pune/comments/1m7anpx/i_made_an_app_to_compare_prices_between_blinkit/n4qd76f/
,edigathegi,,2025-07-23T18:40:33.000Z,t1_n4rexf2,reddit,,,r/pune,How is Dealulu? It works well?,,"/u/edigathegi on I made an app to compare prices between Blinkit, Instamart, and Zepto!",https://www.reddit.com/r/pune/comments/1m7anpx/i_made_an_app_to_compare_prices_between_blinkit/n4rexf2/
,kesaris143,,2025-07-23T18:41:13.000Z,t1_n4rf2kl,reddit,,,r/pune,It does the work,,"/u/kesaris143 on I made an app to compare prices between Blinkit, Instamart, and Zepto!",https://www.reddit.com/r/pune/comments/1m7anpx/i_made_an_app_to_compare_prices_between_blinkit/n4rf2kl/
,TA-10101,,2025-07-25T13:25:23.000Z,t1_n52zmyw,reddit,,,r/pune,"Does it consider any additional apps amongst jiomart, bb, &amp; flipkart as well?",,"/u/TA-10101 on I made an app to compare prices between Blinkit, Instamart, and Zepto!",https://www.reddit.com/r/pune/comments/1m7anpx/i_made_an_app_to_compare_prices_between_blinkit/n52zmyw/
,edigathegi,,2025-07-23T18:55:04.000Z,t1_n4ri27t,reddit,,,r/pune,"Fun fact: That English Oven 100% atta bread has 87% atta. It used be only 52% atta in 2019 while still being marketed as 100% atta bread. Modern and Britannia 100% whole wheat breads contain around 60% or less of atta. Only Health Factory 100% whole wheat bread has 100% whole wheat. Of course, this is all assuming what they write on the label is correct.",,"/u/edigathegi on I made an app to compare prices between Blinkit, Instamart, and Zepto!",https://www.reddit.com/r/pune/comments/1m7anpx/i_made_an_app_to_compare_prices_between_blinkit/n4ri27t/
,MyFinanceExpert,,2025-07-24T04:46:40.000Z,t1_n4ugmaw,reddit,,,r/pune,Obviously.. incorrect labelling is not the issue he’s trying to address.,,"/u/MyFinanceExpert on I made an app to compare prices between Blinkit, Instamart, and Zepto!",https://www.reddit.com/r/pune/comments/1m7anpx/i_made_an_app_to_compare_prices_between_blinkit/n4ugmaw/
,edigathegi,,2025-07-24T09:54:34.000Z,t1_n4veteq,reddit,,,r/pune,"Was it implied in the &quot;fun fact&quot; comment that malicious labelling needs to be addressed by this app? Although, not a bad idea to be implemented.",,"/u/edigathegi on I made an app to compare prices between Blinkit, Instamart, and Zepto!",https://www.reddit.com/r/pune/comments/1m7anpx/i_made_an_app_to_compare_prices_between_blinkit/n4veteq/
,AnonymousGossiper0,,2026-07-16T04:27:34.000Z,t3_1uxsibo,reddit,,,r/CreditCardsIndia,"Hey r/CreditCardsIndia, My current lineup: SBI Cashback (heavy use for Netmeds + LIC and EB using Amazon pay balance)(1000 per year) Airtel Axis (planning to close soon - Do they make it LTF or refund the annual pay? ) (500 per year) Amazon Pay ICICI (LTF) HDFC Swiggy (LTF) ICICI Coral RuPay (LTF) Spend pattern: Groceries mostly via Swiggy Instamart or Flipkart Minutes Decent Online shopping Dining is low Utilities (will need an alternative after dropping Airtel Axis) 7-10K monthly on RuPay (UPI + offline) I&#39;m considering HSBC Live+ for the 10% on groceries/food delivery + future utilities/shopping benefits. But with groceries limited to Instamart/Minutes (and low dining), will I actually hit good value or is the ₹999 fee not worth it? Also, recommendations for a solid RuPay card to better utilize my 7-10K monthly RuPay spends (better than ICICI Coral if possible). Would love honest feedback - should I go for HSBC Live+ or skip and optimize current cards? Thanks in advance!  &#32; submitted by &#32;  /u/AnonymousGossiper0   [link] &#32; [comments]",,"Is HSBC Live+ worth it? Low dining, groceries mainly on Swiggy Instamart/Flipkart Minutes (7-10K RuPay spend)",https://www.reddit.com/r/CreditCardsIndia/comments/1uxsibo/is_hsbc_live_worth_it_low_dining_groceries_mainly/
,moneyminded101,,2026-07-16T06:42:55.000Z,t1_oxu81uc,reddit,,,r/CreditCardsIndia,"Looking at your spend pattern i don&#39;t think hsbc live+ is an obvious yes. The card is great if you actually maximise the cashback categories, esp dining and eligible food and grocery spends but if most of your grocery spends are through platforms where cashback eligibility can be tricky, calculate the actual monthly benefit before paying the ₹999 fee. Since you already have sbi cashback, amazon pay icic, and hdfc swiggy, your online spending is fairly well covered. First optimise what you already have and see where you are losing cashback. For rupay it depends on your upi usage. If you are doing ₹7 to 10k monthly look for a card where the rewards and cashback justify the annual fee. Don&#39;t get one just because it&#39;s rupay. A simple calculation of yearly spends vs rewards will tell you if it&#39;s actually better than coral.",,"/u/moneyminded101 on Is HSBC Live+ worth it? Low dining, groceries mainly on Swiggy Instamart/Flipkart Minutes (7-10K RuPay spend)",https://www.reddit.com/r/CreditCardsIndia/comments/1uxsibo/is_hsbc_live_worth_it_low_dining_groceries_mainly/oxu81uc/
,ExistingLawyer58,,2026-07-16T07:19:18.000Z,t1_oxucm3z,reddit,,,r/CreditCardsIndia,"There is a change in HSBC Live+ from 26 July 2026, they have added shopping and utilities to 10% category and increased that cashback limit from 1000 to 1200",,"/u/ExistingLawyer58 on Is HSBC Live+ worth it? Low dining, groceries mainly on Swiggy Instamart/Flipkart Minutes (7-10K RuPay spend)",https://www.reddit.com/r/CreditCardsIndia/comments/1uxsibo/is_hsbc_live_worth_it_low_dining_groceries_mainly/oxucm3z/
,Ready-Money3534,,2026-07-16T04:36:00.000Z,t1_oxtreht,reddit,,,r/CreditCardsIndia,Is your HdFc swiggy LTF? If yes go for HSBC else there is not much use case since you do online shopping mainly,,"/u/Ready-Money3534 on Is HSBC Live+ worth it? Low dining, groceries mainly on Swiggy Instamart/Flipkart Minutes (7-10K RuPay spend)",https://www.reddit.com/r/CreditCardsIndia/comments/1uxsibo/is_hsbc_live_worth_it_low_dining_groceries_mainly/oxtreht/
,AnonymousGossiper0,,2026-07-16T04:48:28.000Z,t1_oxtt5ca,reddit,,,r/CreditCardsIndia,Yes HDFC Swiggy is LTF. Hsbc utilities payment can help?,,"/u/AnonymousGossiper0 on Is HSBC Live+ worth it? Low dining, groceries mainly on Swiggy Instamart/Flipkart Minutes (7-10K RuPay spend)",https://www.reddit.com/r/CreditCardsIndia/comments/1uxsibo/is_hsbc_live_worth_it_low_dining_groceries_mainly/oxtt5ca/
,Ready-Money3534,,2026-07-16T05:29:43.000Z,t1_oxtyofg,reddit,,,r/CreditCardsIndia,So easily get it. Use it primarily for groceries and stuff. Once the cashback is exhausted use HDFC swiggy,,"/u/Ready-Money3534 on Is HSBC Live+ worth it? Low dining, groceries mainly on Swiggy Instamart/Flipkart Minutes (7-10K RuPay spend)",https://www.reddit.com/r/CreditCardsIndia/comments/1uxsibo/is_hsbc_live_worth_it_low_dining_groceries_mainly/oxtyofg/
,Extension-City-9515,,2026-01-21T14:08:52.000Z,t3_1qiyu7p,reddit,,,r/ahmedabad,"So quick update: The government has officially told quick-commerce companies like Blinkit, Zepto, and Swiggy Instamart to stop using “10-minute delivery” as a promotional claim. Why this happened: Delivery riders were being indirectly pushed to rush in traffic, take risks, and skip proper breaks — all to meet unrealistic marketing deadlines. Let’s be honest. Nobody’s life depends on getting groceries in 10 minutes. 20–30 minutes is still fast AF. This instant-delivery culture was more hype than real necessity. What’s interesting is that companies are now saying they’ll continue fast delivery but without fixed promises. Sounds good on paper… but the real question is whether pressure on riders will actually reduce in real life. IMO this move was overdue. Speed is fine, but not at the cost of someone’s safety. What do you think? Would you choose slightly slower delivery if it means safer working conditions for riders?  &#32; submitted by &#32;  /u/Extension-City-9515   [link] &#32; [comments]",,Government Takes Action: 10-Minute Delivery Claims Officially Stopped,https://www.reddit.com/r/ahmedabad/comments/1qiyu7p/government_takes_action_10minute_delivery_claims/
,[deleted],,2026-01-21T17:04:24.000Z,t1_o0vw8qi,reddit,,,r/ahmedabad,[deleted],,/u/[deleted] on Government Takes Action: 10-Minute Delivery Claims Officially Stopped,https://www.reddit.com/r/ahmedabad/comments/1qiyu7p/government_takes_action_10minute_delivery_claims/o0vw8qi/
,Brilliant-Sir-8472,,2026-01-22T13:22:31.000Z,t1_o11iviz,reddit,,,r/ahmedabad,Yes. Wage was the problem. Fixed minimum wages and compensation should have been added in law to stop this nonsense,,/u/Brilliant-Sir-8472 on Government Takes Action: 10-Minute Delivery Claims Officially Stopped,https://www.reddit.com/r/ahmedabad/comments/1qiyu7p/government_takes_action_10minute_delivery_claims/o11iviz/
,Mean_sigma,,2026-01-21T18:08:37.000Z,t1_o0wap2m,reddit,,,r/ahmedabad,"I remember in recent time people like kunal kamra and few qtiyas started this different kind of campaigns against startups. Ola, zomato, blinkit..sab ke peeche pade hai  There are some internet graduates who say blinkit zomato are not generating jobs, they are exploiting cheap labours  Benchoro tum haath mein mobile, samne tv, every fcuking thing you use comes out from cheap labours who are not visible to you. Coz you just receive end products. Zomato, blinkit etc just brought these cheap labours into visibility and people are talking about them because of these apps.  No delivery company forces its partners to deliver within timeline",,/u/Mean_sigma on Government Takes Action: 10-Minute Delivery Claims Officially Stopped,https://www.reddit.com/r/ahmedabad/comments/1qiyu7p/government_takes_action_10minute_delivery_claims/o0wap2m/
,ib_aspirant,,2026-01-21T14:12:42.000Z,t1_o0uvnbw,reddit,,,r/ahmedabad,"They never even deliver in 10mins, and if someone can&#39;t even plan an hour ahead, then they should work on their management.",,/u/ib_aspirant on Government Takes Action: 10-Minute Delivery Claims Officially Stopped,https://www.reddit.com/r/ahmedabad/comments/1qiyu7p/government_takes_action_10minute_delivery_claims/o0uvnbw/
,Therealadityamacwan,,2026-01-22T03:28:28.000Z,t1_o0zeogd,reddit,,,r/ahmedabad,"As if they are gonna change the speeds of the delivery man, all a placebo effect where they try to whitewash their images by banning the ads but a big NO to BETTER INFRA.",,/u/Therealadityamacwan on Government Takes Action: 10-Minute Delivery Claims Officially Stopped,https://www.reddit.com/r/ahmedabad/comments/1qiyu7p/government_takes_action_10minute_delivery_claims/o0zeogd/
,Brilliant-Sir-8472,,2026-01-22T13:21:09.000Z,t1_o11imt8,reddit,,,r/ahmedabad,"Bro, the amount they get paid is equal to the number of delivery they do. To earn, they will rush/drive rashly anyhow. So, y the fuck instead of solving this wage issue, the govt is solving something that was never really there and then claiming victory.",,/u/Brilliant-Sir-8472 on Government Takes Action: 10-Minute Delivery Claims Officially Stopped,https://www.reddit.com/r/ahmedabad/comments/1qiyu7p/government_takes_action_10minute_delivery_claims/o11imt8/
,SlicKilled,,2026-01-21T14:44:45.000Z,t1_o0v1upu,reddit,,,r/ahmedabad,People are insanely stupid if they think the fast delivery claims are teh cause of these accidents.,,/u/SlicKilled on Government Takes Action: 10-Minute Delivery Claims Officially Stopped,https://www.reddit.com/r/ahmedabad/comments/1qiyu7p/government_takes_action_10minute_delivery_claims/o0v1upu/
,Sensitive_Log_7351,,2025-05-03T03:52:31.000Z,t3_1kdjyfz,reddit,,,r/indiasocial,"10 Min Delivery: Killing the Poor and Middle Class Man As I traveled to AIIMS today by cab around 8 am, I witnessed a disturbing incident. A 45-year-old bike driver, likely a delivery person, fell off his bike while overspeeding at a turn. He was rushed to the hospital, and I couldn&#39;t help but wonder what drove him to take such a risk. When I asked him why he was driving so fast, his response shook me. He was working for a food delivery platform, and he had a 10-minute delivery window to meet. If he failed, his rating would suffer. The pressure to deliver quickly had taken precedence over his safety and well-being. This incident raises a crucial question: Do we really need stuff delivered in 10 minutes? At what cost? The life of a middle-class or poor Indian delivery person is not just a statistic; it&#39;s a human life, worthy of respect and dignity. The gig economy, fueled by apps like Swiggy and Instamart, has created a culture of instant gratification. We&#39;re willing to pay for convenience, but we&#39;re not willing to acknowledge the human cost. The delivery person, often a poor or middle-class individual, bears the brunt of our demands. Is grocery delivery in 10 minutes more important than the life of a man? Shouldn&#39;t we prioritize the safety and well-being of those who work tirelessly to bring us what we need? It&#39;s time to rethink our priorities and consider the human impact of our actions. Let&#39;s demand more from these platforms:  Fair compensation: Delivery personnel should be paid fairly for their work, considering the risks they take. Realistic delivery times: Platforms should set realistic delivery times that account for traffic, road conditions, and other factors. Safety measures: Platforms should invest in safety measures, such as training programs and safety gear, to protect their delivery personnel.  It&#39;s time to value the lives of those who work behind the scenes to bring us convenience. Let&#39;s make a change, starting with our attitudes towards the gig economy and the people who make it work.  &#32; submitted by &#32;  /u/Sensitive_Log_7351   [link] &#32; [comments]",,"Tick Tock, Life at Stake*: 10-Minute Delivery's Hidden Cost",https://www.reddit.com/r/indiasocial/comments/1kdjyfz/tick_tock_life_at_stake_10minute_deliverys_hidden/
,serial_warmonger,,2025-05-03T04:33:55.000Z,t1_mqbldm5,reddit,,,r/indiasocial,LinkedIn aage se left,,"/u/serial_warmonger on Tick Tock, Life at Stake*: 10-Minute Delivery's Hidden Cost",https://www.reddit.com/r/indiasocial/comments/1kdjyfz/tick_tock_life_at_stake_10minute_deliverys_hidden/mqbldm5/
,amit_rdx,,2025-05-03T04:08:58.000Z,t1_mqbia6w,reddit,,,r/indiasocial,Twitter aage se right,,"/u/amit_rdx on Tick Tock, Life at Stake*: 10-Minute Delivery's Hidden Cost",https://www.reddit.com/r/indiasocial/comments/1kdjyfz/tick_tock_life_at_stake_10minute_deliverys_hidden/mqbia6w/
,evammist,,2025-05-03T05:39:28.000Z,t1_mqbsuqq,reddit,,,r/indiasocial,So… he was taken to the hospital and u asked him a question?,,"/u/evammist on Tick Tock, Life at Stake*: 10-Minute Delivery's Hidden Cost",https://www.reddit.com/r/indiasocial/comments/1kdjyfz/tick_tock_life_at_stake_10minute_deliverys_hidden/mqbsuqq/
,OutrageousMarket7376,,2026-03-18T18:59:52.000Z,t3_1rxctsc,reddit,,,r/IndianCreditCards,"I got HSBC Live plus last year and initially had to pay ₹1000 plus taxes but got the cashback after spending ₹20000 in the first month. Joining Fees paid : ₹1178 Cashback for spending 20k : ₹1000 So, it was kind of FYF.. I have used this card on 1. Food orderinf apps like swiggy, zomato 2. Almost all grocery apps (minutes, instamart, zepto and more) 3. Paid for restro bills from swiggy and Zomato 4. Paid directly to restros 5. Paid for offline groceries Got 10% cashback directly in bill payment within 2-3 days bill generation from all above  Used for some offline and online spends  Got 1.5% cashback there  Used this card twice for free lounge access Got instant discount on hotels and flight bookings on Goibibo and MMT BOGO Movie offer also available but I haven&#39;t used it  So, overall it gave me 11k cashback + 1k fee refund + 2 lounge access + 8k instant discount... in 1 year of usage... Overall, it is a must have card. I would rate this card as 9/10 Deducting 1 point because cashback is capped to 1000 only.  &#32; submitted by &#32;  /u/OutrageousMarket7376   [link] &#32; [comments]",,Review of HSBC Live+ after using it for more than an year,https://www.reddit.com/r/IndianCreditCards/comments/1rxctsc/review_of_hsbc_live_after_using_it_for_more_than/
,Data-Trailblazer,,2026-03-18T19:09:27.000Z,t1_ob654ea,reddit,,,r/IndianCreditCards,How is your experience with MCC tracking? My only problem is sometimes grocery order is not tracked properly and I end up getting 1% instead of 10%.,,/u/Data-Trailblazer on Review of HSBC Live+ after using it for more than an year,https://www.reddit.com/r/IndianCreditCards/comments/1rxctsc/review_of_hsbc_live_after_using_it_for_more_than/ob654ea/
,OutrageousMarket7376,,2026-03-18T19:17:48.000Z,t1_ob66wym,reddit,,,r/IndianCreditCards,"I rarely noticed any lapse in cashback.. even if cahaback is missed for some purchase.. mostly it will covered somewhere else as limit is only ₹1000.. Also, I ordered hard drive from minutes once and didnt get 10% on that.",,/u/OutrageousMarket7376 on Review of HSBC Live+ after using it for more than an year,https://www.reddit.com/r/IndianCreditCards/comments/1rxctsc/review_of_hsbc_live_after_using_it_for_more_than/ob66wym/
,Fantastic_Tower_6748,,2026-03-18T19:27:59.000Z,t1_ob693gj,reddit,,,r/IndianCreditCards,Dis you receive cb on grocery items ordered from Minutes?,,/u/Fantastic_Tower_6748 on Review of HSBC Live+ after using it for more than an year,https://www.reddit.com/r/IndianCreditCards/comments/1rxctsc/review_of_hsbc_live_after_using_it_for_more_than/ob693gj/
,OutrageousMarket7376,,2026-03-18T19:30:15.000Z,t1_ob69kt5,reddit,,,r/IndianCreditCards,Yes I did,,/u/OutrageousMarket7376 on Review of HSBC Live+ after using it for more than an year,https://www.reddit.com/r/IndianCreditCards/comments/1rxctsc/review_of_hsbc_live_after_using_it_for_more_than/ob69kt5/
,Fantastic_Tower_6748,,2026-03-18T19:42:44.000Z,t1_ob6c6mu,reddit,,,r/IndianCreditCards,Thanks!,,/u/Fantastic_Tower_6748 on Review of HSBC Live+ after using it for more than an year,https://www.reddit.com/r/IndianCreditCards/comments/1rxctsc/review_of_hsbc_live_after_using_it_for_more_than/ob6c6mu/
,HotProfessional168,,2026-03-19T12:13:39.000Z,t1_obagzu4,reddit,,,r/IndianCreditCards,"I also ordered from minutes, it’s under Flipkart and they denied it.",,/u/HotProfessional168 on Review of HSBC Live+ after using it for more than an year,https://www.reddit.com/r/IndianCreditCards/comments/1rxctsc/review_of_hsbc_live_after_using_it_for_more_than/obagzu4/
,Practical_Ad_8309,,2026-07-08T16:59:56.000Z,t1_owbmxoc,reddit,,,r/IndianCreditCards,Which hard did you bought tho specifically?,,/u/Practical_Ad_8309 on Review of HSBC Live+ after using it for more than an year,https://www.reddit.com/r/IndianCreditCards/comments/1rxctsc/review_of_hsbc_live_after_using_it_for_more_than/owbmxoc/
,Mountain-K-5347,,2026-03-19T00:46:58.000Z,t1_ob7zsjc,reddit,,,r/IndianCreditCards,"Happened once with Swiggy Instamart, I started using a swiggy card for all Swiggy since then.",,/u/Mountain-K-5347 on Review of HSBC Live+ after using it for more than an year,https://www.reddit.com/r/IndianCreditCards/comments/1rxctsc/review_of_hsbc_live_after_using_it_for_more_than/ob7zsjc/
,rkboga,,2026-03-19T06:08:06.000Z,t1_ob9b1sz,reddit,,,r/IndianCreditCards,Couldn&#39;t get 10% via Instamart due to the mcc code issue... &amp; Got Only 1.5% due to departmental store mcc,,/u/rkboga on Review of HSBC Live+ after using it for more than an year,https://www.reddit.com/r/IndianCreditCards/comments/1rxctsc/review_of_hsbc_live_after_using_it_for_more_than/ob9b1sz/
,socialdeadpool,,2026-06-04T16:09:33.000Z,t1_opqhfva,reddit,,,r/IndianCreditCards,"I only dispointed with my godaddy spendings not covered which is covered in kiwi and sbi cashback rather than that 9/10 for hsbc, some cheap restro even have proper mcc tracking si tier 1-2cities wont find any problem",,/u/socialdeadpool on Review of HSBC Live+ after using it for more than an year,https://www.reddit.com/r/IndianCreditCards/comments/1rxctsc/review_of_hsbc_live_after_using_it_for_more_than/opqhfva/
,Far_Accountant_1697,,2026-03-18T19:49:41.000Z,t1_ob6dniv,reddit,,,r/IndianCreditCards,This 1000 cap is specifcally for category or all?,,/u/Far_Accountant_1697 on Review of HSBC Live+ after using it for more than an year,https://www.reddit.com/r/IndianCreditCards/comments/1rxctsc/review_of_hsbc_live_after_using_it_for_more_than/ob6dniv/
,OutrageousMarket7376,,2026-03-18T19:51:43.000Z,t1_ob6e304,reddit,,,r/IndianCreditCards,"Only for groceries, online food ordering and dining... for other spends there is no cap... cashback is 1.5%",,/u/OutrageousMarket7376 on Review of HSBC Live+ after using it for more than an year,https://www.reddit.com/r/IndianCreditCards/comments/1rxctsc/review_of_hsbc_live_after_using_it_for_more_than/ob6e304/
,Far_Accountant_1697,,2026-03-18T19:50:51.000Z,t1_ob6dweq,reddit,,,r/IndianCreditCards,Any hack to get cashback on gift cards using this card?,,/u/Far_Accountant_1697 on Review of HSBC Live+ after using it for more than an year,https://www.reddit.com/r/IndianCreditCards/comments/1rxctsc/review_of_hsbc_live_after_using_it_for_more_than/ob6dweq/
,Morpheus_deadpool,,2026-03-18T20:28:03.000Z,t1_ob6lv4q,reddit,,,r/IndianCreditCards,Zepto offline amazon pay gift cards work I have heard,,/u/Morpheus_deadpool on Review of HSBC Live+ after using it for more than an year,https://www.reddit.com/r/IndianCreditCards/comments/1rxctsc/review_of_hsbc_live_after_using_it_for_more_than/ob6lv4q/
,OutrageousMarket7376,,2026-03-18T19:52:25.000Z,t1_ob6e893,reddit,,,r/IndianCreditCards,I haven&#39;t tried but i read somewhere it does not work.,,/u/OutrageousMarket7376 on Review of HSBC Live+ after using it for more than an year,https://www.reddit.com/r/IndianCreditCards/comments/1rxctsc/review_of_hsbc_live_after_using_it_for_more_than/ob6e893/
,sriramdev,,2026-03-18T19:12:47.000Z,t1_ob65u8q,reddit,,,r/IndianCreditCards,Whether it is that much worthy?,,/u/sriramdev on Review of HSBC Live+ after using it for more than an year,https://www.reddit.com/r/IndianCreditCards/comments/1rxctsc/review_of_hsbc_live_after_using_it_for_more_than/ob65u8q/
,OutrageousMarket7376,,2026-03-18T19:18:52.000Z,t1_ob67532,reddit,,,r/IndianCreditCards,If you consider free lounge access.. you get around 12-13% returns on 2 lakh spends in an year... I think anything more than 4-5% is worthy...,,/u/OutrageousMarket7376 on Review of HSBC Live+ after using it for more than an year,https://www.reddit.com/r/IndianCreditCards/comments/1rxctsc/review_of_hsbc_live_after_using_it_for_more_than/ob67532/
,avgredditusr2,,2026-03-19T03:21:43.000Z,t1_ob8q02s,reddit,,,r/IndianCreditCards,"Bro the ccgeeks community have really ruined people&#39;s mindset. 12-13% if you include lounge benefits? Lounge benefit is very easy to get with most debit cards and now it&#39;s so crowded that some people entirely skip lounge. Don&#39;t consider a cheap buffet in card benefits and inflate the %age returns. Tomorrow you people will start saying don&#39;t file taxes, save 30% lol.",,/u/avgredditusr2 on Review of HSBC Live+ after using it for more than an year,https://www.reddit.com/r/IndianCreditCards/comments/1rxctsc/review_of_hsbc_live_after_using_it_for_more_than/ob8q02s/
,Dear_Ad_2464,,2026-03-19T05:35:39.000Z,t1_ob97hto,reddit,,,r/IndianCreditCards,woahh.. calm down.. not everyone’s earning 6fig/month. Saving 12k + lounge access is great for a card with yearly fee of 1k afaik compared to shitty cards. Please be grateful or else let people be grateful,,/u/Dear_Ad_2464 on Review of HSBC Live+ after using it for more than an year,https://www.reddit.com/r/IndianCreditCards/comments/1rxctsc/review_of_hsbc_live_after_using_it_for_more_than/ob97hto/
,avgredditusr2,,2026-03-19T05:40:38.000Z,t1_ob981mt,reddit,,,r/IndianCreditCards,"Who needs 6 figures to get lounge access? 5-10k on most debit cards per quarter is all you need for lounge access. Also, the biggest reason you see lounges full is because of everyone having credit card with lounge access, poorest or the richest. Counting normal Lounge access (not priority) as a benefit is such a low IQ move because everyone has it now.",,/u/avgredditusr2 on Review of HSBC Live+ after using it for more than an year,https://www.reddit.com/r/IndianCreditCards/comments/1rxctsc/review_of_hsbc_live_after_using_it_for_more_than/ob981mt/
,TheWhisperingGhost,,2025-02-09T08:36:49.000Z,t3_1ilae3e,reddit,,,r/Frugal_Ind,"I often see people arguing in the comments about offline vs online shopping. Being on the side of online shopping. I am here to share my tips to get the most out of online shopping for groceries at least: 1. Compare prices! If you feel like your 15-20 minutes are better spent doing something else then definitely order from the platform you are completely comfortable with but if you support offline shopping then you can definitely spend some time comparing prices. 2. Get credit cards which give you cashback on top of the overall discount! Getting 10% extra off is crazy, really helps in beating inflation lol. 3. Blinkit is useless. They are overpriced almost all the time. I have stopped comparing prices with blinkit and I only ever use it if any product is no more available on the other platforms and I urgently need it. I have stayed for a decent period of time in Mumbai, Delhi, Bangalore and Chennai. Blinkit was overpriced and had incompetent stock almost everywhere. 4. Don&#39;t underestimate Bigbasket, their interface and collection of products might be shit but they compensate well with incredible prices. Sometimes I get stuff cheapest from them even when they are levying delivery fee! Use it through the tata neu app and we will get some bonus returns. 5. Zepto is burning cash so they have incredible deals on defunct accounts. Have accounts with two number and you will often get amazing deals on the numbe not being used for a while. Also, their prices in the Super Saver section are quite mind blowing at times, use it if you have to order a lot of things. 6. Instamart has a wide range of products but prices are generally not as competitive but you should not skip out comparing prices on it. They do have some crazy offers on electronics so that&#39;s worth checking out. That&#39;s all from me, hope you have a better experience next time you use quick commerce. I have added the pic of my last crazy haul from Zepto. It was like I am shopping from late 2010s. 18 wings for 50! Mind blowing!  &#32; submitted by &#32;  /u/TheWhisperingGhost   [link] &#32; [comments]",,Quick commerce IS cheap compared to offline shopping!,https://www.reddit.com/r/Frugal_Ind/comments/1ilae3e/quick_commerce_is_cheap_compared_to_offline/
,TheWhisperingGhost,,2025-02-09T08:51:55.000Z,t1_mbt48vd,reddit,,,r/Frugal_Ind,"Wow, I completely missed out on the most important tip: NO VEGETABLES, get only MRP products. Anything which doesn&#39;t have a fixed price will not have a better pricing online.",,/u/TheWhisperingGhost on Quick commerce IS cheap compared to offline shopping!,https://www.reddit.com/r/Frugal_Ind/comments/1ilae3e/quick_commerce_is_cheap_compared_to_offline/mbt48vd/
,Shadow2606,,2025-02-09T19:41:43.000Z,t1_mbw27e7,reddit,,,r/Frugal_Ind,"Depends on where you live, for me fruits/vegetables on Amazon are cheaper and fresher than local shops",,/u/Shadow2606 on Quick commerce IS cheap compared to offline shopping!,https://www.reddit.com/r/Frugal_Ind/comments/1ilae3e/quick_commerce_is_cheap_compared_to_offline/mbw27e7/
,TheWhisperingGhost,,2025-02-09T22:59:15.000Z,t1_mbx690f,reddit,,,r/Frugal_Ind,For real? Where do you live? I did see a period of time in Bangalore when vegetables online were cheaper for me.,,/u/TheWhisperingGhost on Quick commerce IS cheap compared to offline shopping!,https://www.reddit.com/r/Frugal_Ind/comments/1ilae3e/quick_commerce_is_cheap_compared_to_offline/mbx690f/
,Tiny-Ad-6650,,2025-02-09T17:05:41.000Z,t1_mbv4l84,reddit,,,r/Frugal_Ind,Where do you suggest getting veggies from?,,/u/Tiny-Ad-6650 on Quick commerce IS cheap compared to offline shopping!,https://www.reddit.com/r/Frugal_Ind/comments/1ilae3e/quick_commerce_is_cheap_compared_to_offline/mbv4l84/
,TheWhisperingGhost,,2025-02-09T17:10:36.000Z,t1_mbv5ms9,reddit,,,r/Frugal_Ind,"Local shops. Luckily I have a well priced vegetable shop in my area that accepts credit cards, and I have 10% off on my credit card for even offline grocery shopping. Huge savings.",,/u/TheWhisperingGhost on Quick commerce IS cheap compared to offline shopping!,https://www.reddit.com/r/Frugal_Ind/comments/1ilae3e/quick_commerce_is_cheap_compared_to_offline/mbv5ms9/
,YouObvious1385,,2025-02-10T03:08:22.000Z,t1_mbyeimz,reddit,,,r/Frugal_Ind,Which CC are you using?,,/u/YouObvious1385 on Quick commerce IS cheap compared to offline shopping!,https://www.reddit.com/r/Frugal_Ind/comments/1ilae3e/quick_commerce_is_cheap_compared_to_offline/mbyeimz/
,TheWhisperingGhost,,2025-02-10T03:46:55.000Z,t1_mbyl1hx,reddit,,,r/Frugal_Ind,HSBC Live+. It&#39;s only available in Tier 1 cities.,,/u/TheWhisperingGhost on Quick commerce IS cheap compared to offline shopping!,https://www.reddit.com/r/Frugal_Ind/comments/1ilae3e/quick_commerce_is_cheap_compared_to_offline/mbyl1hx/
,YouObvious1385,,2025-02-10T10:34:29.000Z,t1_mbzuqqu,reddit,,,r/Frugal_Ind,"Right, that won&#39;t work for me then.  Thanks",,/u/YouObvious1385 on Quick commerce IS cheap compared to offline shopping!,https://www.reddit.com/r/Frugal_Ind/comments/1ilae3e/quick_commerce_is_cheap_compared_to_offline/mbzuqqu/
,TheWhisperingGhost,,2025-02-10T04:02:06.000Z,t1_mbynggu,reddit,,,r/Frugal_Ind,I do have a referral link but I don&#39;t know how much that helps in getting confirmed approval,,/u/TheWhisperingGhost on Quick commerce IS cheap compared to offline shopping!,https://www.reddit.com/r/Frugal_Ind/comments/1ilae3e/quick_commerce_is_cheap_compared_to_offline/mbynggu/
,Benzmartin,,2025-02-09T08:39:13.000Z,t1_mbt2wkv,reddit,,,r/Frugal_Ind,"Bro it&#39;s just a customer acquisition process, see after 5 to 7 orders everything will be over priced",,/u/Benzmartin on Quick commerce IS cheap compared to offline shopping!,https://www.reddit.com/r/Frugal_Ind/comments/1ilae3e/quick_commerce_is_cheap_compared_to_offline/mbt2wkv/
,Bosasa,,2025-02-09T08:44:46.000Z,t1_mbt3hof,reddit,,,r/Frugal_Ind,"I just alternate between Zomato, instamart and Blinkit so every app gets used once in 10-15 days. It scares their algorithm enough and I get a discount code every time",,/u/Bosasa on Quick commerce IS cheap compared to offline shopping!,https://www.reddit.com/r/Frugal_Ind/comments/1ilae3e/quick_commerce_is_cheap_compared_to_offline/mbt3hof/
,TheWhisperingGhost,,2025-02-09T08:52:43.000Z,t1_mbt4bpf,reddit,,,r/Frugal_Ind,"That&#39;s the way! Although Blinkit doesn&#39;t do shit for me, I never received any offers from them, the most they do is offer me free delivery under 99 once in a while.",,/u/TheWhisperingGhost on Quick commerce IS cheap compared to offline shopping!,https://www.reddit.com/r/Frugal_Ind/comments/1ilae3e/quick_commerce_is_cheap_compared_to_offline/mbt4bpf/
,ChunnuBhai,,2025-02-10T12:14:17.000Z,t1_mc05dwp,reddit,,,r/Frugal_Ind,I have 2 numbers and my wife has 2 numbers. We order ONLY when we get free zepto Cash and evertime just enough to have minimum cart value for free delivery. Zepto keeps on giving us cash because the algo thinks we are interested in them and we just need a little push to become loyal customers. Little does it know... Blinkit is used only for selected items which is not available elsewhere. Fruits we get from local weekly market because of quality and variety. vegetables from Otipy and Vegease. Grocery from Flipkart because we have their credit card for 5% off. It has competitive prices too,,/u/ChunnuBhai on Quick commerce IS cheap compared to offline shopping!,https://www.reddit.com/r/Frugal_Ind/comments/1ilae3e/quick_commerce_is_cheap_compared_to_offline/mc05dwp/
,TheWhisperingGhost,,2025-02-10T12:15:34.000Z,t1_mc05jm0,reddit,,,r/Frugal_Ind,"Perfect, this is exactly what I am talking about. Even I use 3 numbers for zepto.",,/u/TheWhisperingGhost on Quick commerce IS cheap compared to offline shopping!,https://www.reddit.com/r/Frugal_Ind/comments/1ilae3e/quick_commerce_is_cheap_compared_to_offline/mc05jm0/
,Specialist_Effort161,,2025-02-10T16:35:24.000Z,t1_mc1dnuw,reddit,,,r/Frugal_Ind,This is true,,/u/Specialist_Effort161 on Quick commerce IS cheap compared to offline shopping!,https://www.reddit.com/r/Frugal_Ind/comments/1ilae3e/quick_commerce_is_cheap_compared_to_offline/mc1dnuw/
,TheWhisperingGhost,,2025-02-09T08:42:50.000Z,t1_mbt3a9g,reddit,,,r/Frugal_Ind,You definitely didn&#39;t read my post. Been shopping since 2023 like this.,,/u/TheWhisperingGhost on Quick commerce IS cheap compared to offline shopping!,https://www.reddit.com/r/Frugal_Ind/comments/1ilae3e/quick_commerce_is_cheap_compared_to_offline/mbt3a9g/
,Klutzy-Film18,,2025-02-09T15:15:26.000Z,t1_mbuhydw,reddit,,,r/Frugal_Ind,still cheaper than offline,,/u/Klutzy-Film18 on Quick commerce IS cheap compared to offline shopping!,https://www.reddit.com/r/Frugal_Ind/comments/1ilae3e/quick_commerce_is_cheap_compared_to_offline/mbuhydw/
,lycralily,,2025-02-09T08:44:20.000Z,t1_mbt3g1n,reddit,,,r/Frugal_Ind,Man. you do get good deals sometimes. But most of the times their prices are a big rip off but convenience trumps everything usually. Haha,,/u/lycralily on Quick commerce IS cheap compared to offline shopping!,https://www.reddit.com/r/Frugal_Ind/comments/1ilae3e/quick_commerce_is_cheap_compared_to_offline/mbt3g1n/
,TheWhisperingGhost,,2025-02-09T08:50:09.000Z,t1_mbt42b7,reddit,,,r/Frugal_Ind,"Until and unless I have to buy something in very less quantity which I can&#39;t get online, I never find better deals offline. Till January this year Bigbasket was a steal deal for me. I used to get 20% off on top of the discounted products they had. I used to club my purchases with the neupass 5% coins, 10% from my credit card and 5% from another medium that I&#39;ll gatekeep 🤣 Now neupass has devalued and only gives 2% but still getting 12-15% extra discount makes it the best option unless Zepto is throwing some good offer my way.",,/u/TheWhisperingGhost on Quick commerce IS cheap compared to offline shopping!,https://www.reddit.com/r/Frugal_Ind/comments/1ilae3e/quick_commerce_is_cheap_compared_to_offline/mbt42b7/
,lycralily,,2025-02-09T08:53:13.000Z,t1_mbt4dpy,reddit,,,r/Frugal_Ind,When they want their old stocks to go they usually keep these discounts. Do check the expiry dates. But the quality of groceries like daals etc is bad. Even the fruits. Veggies and packed items are fine.,,/u/lycralily on Quick commerce IS cheap compared to offline shopping!,https://www.reddit.com/r/Frugal_Ind/comments/1ilae3e/quick_commerce_is_cheap_compared_to_offline/mbt4dpy/
,TejiMandiApp,,2022-07-25T10:28:17.000Z,t3_w7ldw3,reddit,,,r/TejiMandiApp,"The 10-minute quick delivery model is gaining a lot of traction. Many companies like Swiggy Zomato, Dunzo, and Zepto compete against each other. But there is a dark side to it as well. Let’s explore more about it.  Recently, I ordered a bottle of cold drink and some milkshakes from Zepto. It got delivered in just 12 minutes and 32 seconds. Well, that’s an achievement for the company. But the question is, did I need those products in 10 minutes? Honestly not.  Still, the 10-minute quick delivery model is gaining a lot of traction. Many companies like Swiggy Zomato, Dunzo, and Zepto are competing against each other to deliver products within 10 minutes.  You won’t believe it. Nowadays, even liquor is delivered in 10 minutes! That’s crazy.  But what’s the 10-minute craze? And how do these companies manage to knock on your door in just 10 minutes after you hit the ‘place order’ button!  Let’s find out. What’s Happening? Startups and well-established food delivery chains are aggressively competing against each other to excel in the 10-minute delivery space. They have come up with unique and strong marketing strategies. Dunzo’s ‘Ab fridge ka kya kaam hai?’ and Swiggy Instamart’s ‘The Better Half Cookbook’, etc.  But the question is, how do these companies manage to deliver so quickly?  Business Model of 10-Minute Delivery Platforms Usually, when you run out of milk or bread, what do you do? You quickly run downstairs to your local kirana store to buy it, right? Then why would someone buy it from Swiggy Instamart or Zepto? Simply because it is more convenient.  These companies aim to offer convenient and hassle-free delivery at your doorstep.  But how do they manage to deliver in 10 minutes?  Firstly, they have several mini-warehouses (dark stores) near every town and city. For example, Dunzo has mini warehouses within 5 KMs of a residential area.  Previously, these companies had big warehouses with a lot of inventory. This would give users a lot of options to choose from. But, it resulted in slow delivery.  So, now they have updated their strategy and have started storing less inventory, which will give users fewer options but faster delivery. The Dark Side of 10-Minute Delivery Platforms Riders have a time constraint to deliver groceries. Complaints are lodged against riders for flouting traffic rules, which might prove to be dangerous for local citizens. Hence, Swiggy changed its marketing communication to ‘Groceries delivered in minutes.’ Similar is the case with Blinkit. It changed its ad campaign from ‘Need it in 10 minutes’ to ‘Need it in minutes’. What Lies Ahead? These days these grocery delivery chains are clubbing orders. So, if two people order something from the same place, both the orders will be delivered by the same rider. This, in turn, will reduce the delivery cost but will be a bit time-consuming.  Moreover, when we talk about swift delivery, it relies on how many orders a rider can deliver in an hour.  These companies will manage to deliver their promise of delivering in minutes only if they manage to deliver multiple orders on time.  &#32; submitted by &#32;  /u/TejiMandiApp   [link] &#32; [comments]",,The Truth Behind 10-Minute Delivery Model,https://www.reddit.com/r/TejiMandiApp/comments/w7ldw3/the_truth_behind_10minute_delivery_model/
,unicommerceSaaS,,2026-05-07T09:08:13.000Z,t3_1t651qq,reddit,,,r/u_unicommerceSaaS,"A few years ago, same-day delivery felt fast. Now people expect groceries, medicines, chargers, snacks sometimes even beauty products at their doorstep in 10 minutes. India’s quick commerce market has exploded, and platforms are aggressively competing on speed:  Zepto Blinkit Swiggy Instamart Dunzo Daily BigBasket Now Flipkart Minutes  What’s interesting is that this isn’t just about delivery riders moving faster. These companies are heavily relying on: ✅ Dark stores / micro warehouses ✅ AI-based inventory forecasting ✅ Hyperlocal logistics ✅ Real-time order routing ✅ Automated fulfillment systems And they’re expanding beyond groceries into:  Medicines Food Electronics Beauty products Pet care  But the big question is: Is this model actually profitable long term? Challenges still exist:  High operational costs Inventory wastage Delivery fleet expenses Customer acquisition burn Thin margins  At the same time, consumer behavior is clearly changing. Convenience is becoming non-negotiable. We broke down how these apps work + who’s leading India’s quick commerce race here: https://unicommerce.com/blog/10-minute-delivery-apps-india/  &#32; submitted by &#32;  /u/unicommerceSaaS   [link] &#32; [comments]",,Are 10-minute delivery apps in India actually sustainable? Here’s who’s leading quick commerce in 2026,https://www.reddit.com/r/u_unicommerceSaaS/comments/1t651qq/are_10minute_delivery_apps_in_india_actually/
,rmaxmayur,,2026-01-21T05:07:49.000Z,t3_1qioxgt,reddit,,,r/yavatmal,Is it finally happening? There’s been a lot of talk lately about Blinkit (and maybe even Swiggy Instamart) scouting locations in Yavatmal.  &#32; submitted by &#32;  /u/rmaxmayur   [link] &#32; [comments],,​🕒 10-Minute Groceries in Yavatmal? Blinkit Rumors are Heating Up! 🛒,https://www.reddit.com/r/yavatmal/comments/1qioxgt/10minute_groceries_in_yavatmal_blinkit_rumors_are/
,gigantic_nano,,2026-01-21T05:23:00.000Z,t1_o0t0pae,reddit,,,r/yavatmal,Yes. Finally.  I myself thinking about becoming a vendor but they have so many rules 😐.,,/u/gigantic_nano on ​🕒 10-Minute Groceries in Yavatmal? Blinkit Rumors are Heating Up! 🛒,https://www.reddit.com/r/yavatmal/comments/1qioxgt/10minute_groceries_in_yavatmal_blinkit_rumors_are/o0t0pae/
,rmaxmayur,,2026-01-21T05:27:25.000Z,t1_o0t1atn,reddit,,,r/yavatmal,"Blinkit Vendor Registration: &quot;Tapassya&quot; Hai, Par Worth Hai! 💰",,/u/rmaxmayur on ​🕒 10-Minute Groceries in Yavatmal? Blinkit Rumors are Heating Up! 🛒,https://www.reddit.com/r/yavatmal/comments/1qioxgt/10minute_groceries_in_yavatmal_blinkit_rumors_are/o0t1atn/
,gigantic_nano,,2026-01-21T17:21:40.000Z,t1_o0w02co,reddit,,,r/yavatmal,So true bhai..,,/u/gigantic_nano on ​🕒 10-Minute Groceries in Yavatmal? Blinkit Rumors are Heating Up! 🛒,https://www.reddit.com/r/yavatmal/comments/1qioxgt/10minute_groceries_in_yavatmal_blinkit_rumors_are/o0w02co/
,ryugastic,,2026-01-21T06:37:08.000Z,t1_o0ta1dl,reddit,,,r/yavatmal,What rules?,,/u/ryugastic on ​🕒 10-Minute Groceries in Yavatmal? Blinkit Rumors are Heating Up! 🛒,https://www.reddit.com/r/yavatmal/comments/1qioxgt/10minute_groceries_in_yavatmal_blinkit_rumors_are/o0ta1dl/
,LifeguardFew6943,,2026-01-21T06:13:12.000Z,t1_o0t75zp,reddit,,,r/yavatmal,exciting,,/u/LifeguardFew6943 on ​🕒 10-Minute Groceries in Yavatmal? Blinkit Rumors are Heating Up! 🛒,https://www.reddit.com/r/yavatmal/comments/1qioxgt/10minute_groceries_in_yavatmal_blinkit_rumors_are/o0t75zp/
,BasicSpecific6474,,2026-01-21T15:46:38.000Z,t1_o0vewit,reddit,,,r/yavatmal,Surprising tho,,/u/BasicSpecific6474 on ​🕒 10-Minute Groceries in Yavatmal? Blinkit Rumors are Heating Up! 🛒,https://www.reddit.com/r/yavatmal/comments/1qioxgt/10minute_groceries_in_yavatmal_blinkit_rumors_are/o0vewit/
,[deleted],,2026-02-01T10:01:48.000Z,t1_o2y3okt,reddit,,,r/yavatmal,It is live.,,/u/[deleted] on ​🕒 10-Minute Groceries in Yavatmal? Blinkit Rumors are Heating Up! 🛒,https://www.reddit.com/r/yavatmal/comments/1qioxgt/10minute_groceries_in_yavatmal_blinkit_rumors_are/o2y3okt/
,Ramtub,,2026-07-29T10:48:38.000Z,t3_1v9sn6q,reddit,,,r/CreditCardsIndia,So today i applied for HSBC liv+ cause of 10% cashback on groceries online and offline but they rejected my application.  Afterwards I applied for Swiggy Orange since it was LTF planning to use it for online groceries for their 5% cashback on Instamart and hope it would work on Flipkart minutes too.  I have a few doubts to the seniors who has been using it:  Since I don&#39;t have a core card and I don&#39;t really mind it but wanted to know whether can we use Swiggy Orange on Festive Sale or not ?  How is the cashback credited ? Does they show cashback after every successful transaction or do they show it in monthly statement ?  #Somethingisbetterthannothing   &#32; submitted by &#32;  /u/Ramtub   [link] &#32; [comments],,HDFC is a new friend,https://www.reddit.com/r/CreditCardsIndia/comments/1v9sn6q/hdfc_is_a_new_friend/
,curiious_lad,,2026-07-29T13:28:06.000Z,t1_p0gr5u4,reddit,,,r/CreditCardsIndia,"Min transaction amount is 249 , which is a bummer 😔",,/u/curiious_lad on HDFC is a new friend,https://www.reddit.com/r/CreditCardsIndia/comments/1v9sn6q/hdfc_is_a_new_friend/p0gr5u4/
,Ramtub,,2026-07-29T13:45:46.000Z,t1_p0guxwm,reddit,,,r/CreditCardsIndia,Isn&#39;t ₹249 is for 10% cashback which is for the black varient ?  Bt i don&#39;t really mind since all of my transaction would be greater than ₹300+,,/u/Ramtub on HDFC is a new friend,https://www.reddit.com/r/CreditCardsIndia/comments/1v9sn6q/hdfc_is_a_new_friend/p0guxwm/
,curiious_lad,,2026-07-29T14:14:33.000Z,t1_p0h19ns,reddit,,,r/CreditCardsIndia,No 249 is for 5% category,,/u/curiious_lad on HDFC is a new friend,https://www.reddit.com/r/CreditCardsIndia/comments/1v9sn6q/hdfc_is_a_new_friend/p0h19ns/
,Frag_Addictt,,2026-07-29T13:16:56.000Z,t1_p0gosu7,reddit,,,r/CreditCardsIndia,Do you have any existing hdfc card or its your 1st time applying hdfc card?,,/u/Frag_Addictt on HDFC is a new friend,https://www.reddit.com/r/CreditCardsIndia/comments/1v9sn6q/hdfc_is_a_new_friend/p0gosu7/
,Ramtub,,2026-07-29T13:24:26.000Z,t1_p0gqdql,reddit,,,r/CreditCardsIndia,It&#39;s my 1st card,,/u/Ramtub on HDFC is a new friend,https://www.reddit.com/r/CreditCardsIndia/comments/1v9sn6q/hdfc_is_a_new_friend/p0gqdql/
,Frag_Addictt,,2026-07-29T13:34:34.000Z,t1_p0gsjmr,reddit,,,r/CreditCardsIndia,Great Bhai cashback instant nhi h bill cashback amount less hoke aayega and monthly cashback amount capping h you can check terms and conditions but its LTF thats a +point iske baad agar koi aur hdfc bank cc pasand aaya to pehle isko deactivate karna padega tabhi new card issue karenge hdfc wale thats why i asked if this was your 1st card or not mostly sabhi grocery and shopping sites p working h yee card but gift cards p work nhi karega  Isse better option chaiye to go for SBI Cashback credit card but yearly charges 999+ gst hai,,/u/Frag_Addictt on HDFC is a new friend,https://www.reddit.com/r/CreditCardsIndia/comments/1v9sn6q/hdfc_is_a_new_friend/p0gsjmr/
,Ramtub,,2026-07-29T13:51:06.000Z,t1_p0gw377,reddit,,,r/CreditCardsIndia,"Thanks for the explanation, would have applied for cashback card but SBI is pretty stingy with their card limit will look into in Dec agr Swiggy kaam nahi aaya toh.",,/u/Ramtub on HDFC is a new friend,https://www.reddit.com/r/CreditCardsIndia/comments/1v9sn6q/hdfc_is_a_new_friend/p0gw377/
,No-Scarcity-5653,,2026-07-29T14:03:56.000Z,t1_p0gywer,reddit,,,r/CreditCardsIndia,I ordered groceries from jiomart but didn&#39;t receive 5% cashback. Any fix?,,/u/No-Scarcity-5653 on HDFC is a new friend,https://www.reddit.com/r/CreditCardsIndia/comments/1v9sn6q/hdfc_is_a_new_friend/p0gywer/
,Frag_Addictt,,2026-07-29T14:21:15.000Z,t1_p0h2sem,reddit,,,r/CreditCardsIndia,https://www.hdfc.bank.in/content/dam/hdfcbankpws/in/en/personal-banking/discover-products/cards/credit-cards/swiggy-hdfc-bank-credit-card/pdf/Terms-and-Conditions-Swiggy-HDFC-Bank-Credit-Card.pdf?utm\_source=chatgpt.com,,/u/Frag_Addictt on HDFC is a new friend,https://www.reddit.com/r/CreditCardsIndia/comments/1v9sn6q/hdfc_is_a_new_friend/p0h2sem/
,Phinaert,,2026-07-29T13:29:03.000Z,t1_p0grd2z,reddit,,,r/CreditCardsIndia,Go for a core card of HDFC first then target co branded cards. They simply reject core cards if you have any of the co branded ones,,/u/Phinaert on HDFC is a new friend,https://www.reddit.com/r/CreditCardsIndia/comments/1v9sn6q/hdfc_is_a_new_friend/p0grd2z/
,Ramtub,,2026-07-29T13:41:24.000Z,t1_p0gu077,reddit,,,r/CreditCardsIndia,Well tbh I don&#39;t have any plans to climb the ladder. I am getting cards acc to my requirements. I believe Cards are nothing more than liabilities higher the no. of cards higher would be your liabilities.,,/u/Ramtub on HDFC is a new friend,https://www.reddit.com/r/CreditCardsIndia/comments/1v9sn6q/hdfc_is_a_new_friend/p0gu077/
,yatinnain,,2026-07-29T13:35:22.000Z,t1_p0gsppk,reddit,,,r/CreditCardsIndia,"No, you don&#39;t get all offers like a core card.",,/u/yatinnain on HDFC is a new friend,https://www.reddit.com/r/CreditCardsIndia/comments/1v9sn6q/hdfc_is_a_new_friend/p0gsppk/
,Ramtub,,2026-07-29T13:52:49.000Z,t1_p0gwgon,reddit,,,r/CreditCardsIndia,"Ahh that&#39;s pretty disappointing, would have to rely on my friend for HDFC offer.",,/u/Ramtub on HDFC is a new friend,https://www.reddit.com/r/CreditCardsIndia/comments/1v9sn6q/hdfc_is_a_new_friend/p0gwgon/
,Tall_Machine_5616,,2026-07-29T15:43:38.000Z,t1_p0hm4fe,reddit,,,r/CreditCardsIndia,i heared that once you have co branded card with HDFC they won&#39;t give you core card of HDFC..is that true?,,/u/Tall_Machine_5616 on HDFC is a new friend,https://www.reddit.com/r/CreditCardsIndia/comments/1v9sn6q/hdfc_is_a_new_friend/p0hm4fe/
,Greedy_Gene_956,,2026-07-29T15:52:16.000Z,t1_p0ho769,reddit,,,r/CreditCardsIndia,True,,/u/Greedy_Gene_956 on HDFC is a new friend,https://www.reddit.com/r/CreditCardsIndia/comments/1v9sn6q/hdfc_is_a_new_friend/p0ho769/
,No-Caregiver-3600,,2026-07-29T14:15:39.000Z,t1_p0h1im4,reddit,,,r/CreditCardsIndia,"No , in most of cases co branded card not work for instant discounts and festive offers..",,/u/No-Caregiver-3600 on HDFC is a new friend,https://www.reddit.com/r/CreditCardsIndia/comments/1v9sn6q/hdfc_is_a_new_friend/p0h1im4/
,DingoInternal8597,,2026-07-29T15:08:40.000Z,t1_p0hdv3m,reddit,,,r/CreditCardsIndia,"I closed my Swiggy OG LTF card for hdfc core card and also got hsbc live+. In my opinion, sbi cashback is far better than swiggy orange",,/u/DingoInternal8597 on HDFC is a new friend,https://www.reddit.com/r/CreditCardsIndia/comments/1v9sn6q/hdfc_is_a_new_friend/p0hdv3m/
,Ramtub,,2026-07-29T17:33:23.000Z,t1_p0icg0t,reddit,,,r/CreditCardsIndia,I did wanted a HSBC one but unfortunately they rejected the application. I Believe HSBC liv+ one of the best available right now.,,/u/Ramtub on HDFC is a new friend,https://www.reddit.com/r/CreditCardsIndia/comments/1v9sn6q/hdfc_is_a_new_friend/p0icg0t/
,Motor_Neighborhood92,,2026-07-29T15:22:41.000Z,t1_p0hh5v9,reddit,,,r/CreditCardsIndia,What the difference between Orange and Black?,,/u/Motor_Neighborhood92 on HDFC is a new friend,https://www.reddit.com/r/CreditCardsIndia/comments/1v9sn6q/hdfc_is_a_new_friend/p0hh5v9/
,Ramtub,,2026-07-29T17:32:01.000Z,t1_p0ic48n,reddit,,,r/CreditCardsIndia,"10 % cashback on Swiggy, Instamart and dineout",,/u/Ramtub on HDFC is a new friend,https://www.reddit.com/r/CreditCardsIndia/comments/1v9sn6q/hdfc_is_a_new_friend/p0ic48n/
,Total-Blueberry-5594,,2026-01-25T12:58:12.000Z,t3_1qmig9g,reddit,,,r/u_Total-Blueberry-5594,"Ordering groceries in 10–30 minutes isn’t a dream anymore, it’s reality. Blinkit, Zepto, and Swiggy Instamart are changing the way we shop, but it’s more than just convenience and speed, it’s shaping habits and expectations. Blinkit : Uses hyper-local warehouses and AI to predict what you need, making it a reliable choice in tier-1 and tier-2 cities. Zepto: Promises groceries in 10–15 minutes. Their aggressive promotions and focus on speed make them the favorite for busy urban professionals. Swiggy Instamart: Ties grocery delivery to its existing food delivery network, giving users one-stop convenience. The upside: Saves time, makes life easier, and helps small brands get noticed. The downside: Premium delivery can cost more, over-reliance can reduce planning skills, and the temptation to buy on impulse is real. What we can learn: Speed and smart logistics are changing how we live and shop. Marketing and promotions aren’t just selling products, they’re shaping the way we think about convenience. Technology, when combined with behavioral insights, can influence habits more than we realize. A message for youth: These apps are powerful tools but power comes with responsibility. They can save time, simplify life, and make everyday tasks easier. But if we rely on them too much, we risk losing planning skills and patience. Convenience is a tool, not a crutch. Food for thought: Are we genuinely gaining convenience, or are we training ourselves to expect everything instantly?  &#32; submitted by &#32;  /u/Total-Blueberry-5594   [link] &#32; [comments]",,Blinkit vs Zepto vs Swiggy Instamart – The Instant Grocery Battle,https://www.reddit.com/r/u_Total-Blueberry-5594/comments/1qmig9g/blinkit_vs_zepto_vs_swiggy_instamart_the_instant/
